﻿<?xml version="1.0" encoding="utf-8"?>
<BookNames>
  <book code="GEN" abbr="GEN" short="Genesis" long="בראשית" />
  <book code="EXO" abbr="EXO" short="Exodus" long="שמות" />
  <book code="LEV" abbr="LEV" short="Leviticus" long="ויקרא" />
  <book code="NUM" abbr="NUM" short="Numbers" long="במדבר" />
  <book code="DEU" abbr="DEU" short="Deuteronomy" long="דברים" />
  <book code="JOS" abbr="JOS" short="Joshua" long="יהושע" />
  <book code="JDG" abbr="JDG" short="Judges" long="שפטים" />
  <book code="RUT" abbr="RUT" short="Ruth" long="רות" />
  <book code="1SA" abbr="1SA" short="I Samuel" long="שמואל א" />
  <book code="2SA" abbr="2SA" short="II Samuel" long="שמואל ב" />
  <book code="1KI" abbr="1KI" short="I Kings" long="מלכים א" />
  <book code="2KI" abbr="2KI" short="II Kings" long="מלכים ב" />
  <book code="1CH" abbr="1CH" short="I Chronicles" long="דברי הימים א" />
  <book code="2CH" abbr="2CH" short="II Chronicles" long="דברי הימים ב" />
  <book code="EZR" abbr="EZR" short="Ezra" long="עזרא" />
  <book code="NEH" abbr="NEH" short="Nehemiah" long="נחמיה" />
  <book code="EST" abbr="EST" short="Esther" long="אסתר" />
  <book code="JOB" abbr="JOB" short="Job" long="איוב" />
  <book code="PSA" abbr="PSA" short="Psalms" long="תהלים" />
  <book code="PRO" abbr="PRO" short="Proverbs" long="משלי" />
  <book code="ECC" abbr="ECC" short="Ecclesiastes" long="קהלת" />
  <book code="SNG" abbr="SNG" short="Song Of Songs" long="שיר השירים" />
  <book code="ISA" abbr="ISA" short="Isaiah" long="ישעיהו" />
  <book code="JER" abbr="JER" short="Jeremiah" long="ירמיהו" />
  <book code="LAM" abbr="LAM" short="Lamentations" long="איכה" />
  <book code="EZK" abbr="EZK" short="Ezekiel" long="יחזקאל" />
  <book code="DAN" abbr="DAN" short="Daniel" long="דניאל" />
  <book code="HOS" abbr="HOS" short="Hosea" long="הושע" />
  <book code="JOL" abbr="JOL" short="Joel" long="יואל" />
  <book code="AMO" abbr="AMO" short="Amos" long="עמוס" />
  <book code="OBA" abbr="OBA" short="Obadiah" long="עבדיה" />
  <book code="JON" abbr="JON" short="Jonah" long="יונה" />
  <book code="MIC" abbr="MIC" short="Micah" long="מיכה" />
  <book code="NAM" abbr="NAM" short="Nahum" long="נחום" />
  <book code="HAB" abbr="HAB" short="Habakkuk" long="חבקוק" />
  <book code="ZEP" abbr="ZEP" short="Zephaniah" long="צפניה" />
  <book code="HAG" abbr="HAG" short="Haggai" long="חגי" />
  <book code="ZEC" abbr="ZEC" short="Zechariah" long="זכריה" />
  <book code="MAL" abbr="MAL" short="Malachi" long="מלאכי" />
  <book code="MAT" abbr="" short="" long="" />
  <book code="MRK" abbr="" short="" long="" />
  <book code="LUK" abbr="" short="" long="" />
  <book code="JHN" abbr="" short="" long="" />
  <book code="ACT" abbr="" short="" long="" />
  <book code="ROM" abbr="" short="" long="" />
  <book code="1CO" abbr="" short="" long="" />
  <book code="2CO" abbr="" short="" long="" />
  <book code="GAL" abbr="" short="" long="" />
  <book code="EPH" abbr="" short="" long="" />
  <book code="PHP" abbr="" short="" long="" />
  <book code="COL" abbr="" short="" long="" />
  <book code="1TH" abbr="" short="" long="" />
  <book code="2TH" abbr="" short="" long="" />
  <book code="1TI" abbr="" short="" long="" />
  <book code="2TI" abbr="" short="" long="" />
  <book code="TIT" abbr="" short="" long="" />
  <book code="PHM" abbr="" short="" long="" />
  <book code="HEB" abbr="" short="" long="" />
  <book code="JAS" abbr="" short="" long="" />
  <book code="1PE" abbr="" short="" long="" />
  <book code="2PE" abbr="" short="" long="" />
  <book code="1JN" abbr="" short="" long="" />
  <book code="2JN" abbr="" short="" long="" />
  <book code="3JN" abbr="" short="" long="" />
  <book code="JUD" abbr="" short="" long="" />
  <book code="REV" abbr="" short="" long="" />
  <book code="TOB" abbr="" short="" long="" />
  <book code="JDT" abbr="" short="" long="" />
  <book code="ESG" abbr="" short="" long="" />
  <book code="WIS" abbr="" short="" long="" />
  <book code="SIR" abbr="" short="" long="" />
  <book code="BAR" abbr="" short="" long="" />
  <book code="LJE" abbr="" short="" long="" />
  <book code="S3Y" abbr="" short="" long="" />
  <book code="SUS" abbr="" short="" long="" />
  <book code="BEL" abbr="" short="" long="" />
  <book code="1MA" abbr="" short="" long="" />
  <book code="2MA" abbr="" short="" long="" />
  <book code="3MA" abbr="" short="" long="" />
  <book code="4MA" abbr="" short="" long="" />
  <book code="1ES" abbr="" short="" long="" />
  <book code="2ES" abbr="" short="" long="" />
  <book code="MAN" abbr="" short="" long="" />
  <book code="PS2" abbr="" short="" long="" />
  <book code="ODA" abbr="" short="" long="" />
  <book code="PSS" abbr="" short="" long="" />
  <book code="JSA" abbr="" short="" long="" />
  <book code="JDB" abbr="" short="" long="" />
  <book code="TBS" abbr="" short="" long="" />
  <book code="SST" abbr="" short="" long="" />
  <book code="DNT" abbr="" short="" long="" />
  <book code="BLT" abbr="" short="" long="" />
  <book code="XXA" abbr="" short="" long="" />
  <book code="XXB" abbr="" short="" long="" />
  <book code="XXC" abbr="" short="" long="" />
  <book code="XXD" abbr="" short="" long="" />
  <book code="XXE" abbr="" short="" long="" />
  <book code="XXF" abbr="" short="" long="" />
  <book code="XXG" abbr="" short="" long="" />
  <book code="FRT" abbr="" short="" long="" />
  <book code="BAK" abbr="" short="" long="" />
  <book code="OTH" abbr="" short="" long="" />
  <book code="3ES" abbr="" short="" long="" />
  <book code="EZA" abbr="" short="" long="" />
  <book code="5EZ" abbr="" short="" long="" />
  <book code="6EZ" abbr="" short="" long="" />
  <book code="INT" abbr="" short="" long="" />
  <book code="CNC" abbr="" short="" long="" />
  <book code="GLO" abbr="" short="" long="" />
  <book code="TDX" abbr="" short="" long="" />
  <book code="NDX" abbr="" short="" long="" />
  <book code="DAG" abbr="" short="" long="" />
  <book code="PS3" abbr="" short="" long="" />
  <book code="2BA" abbr="" short="" long="" />
  <book code="LBA" abbr="" short="" long="" />
  <book code="JUB" abbr="" short="" long="" />
  <book code="ENO" abbr="" short="" long="" />
  <book code="1MQ" abbr="" short="" long="" />
  <book code="2MQ" abbr="" short="" long="" />
  <book code="3MQ" abbr="" short="" long="" />
  <book code="REP" abbr="" short="" long="" />
  <book code="4BA" abbr="" short="" long="" />
  <book code="LAO" abbr="" short="" long="" />
</BookNames>