﻿<?xml version="1.0" encoding="utf-8"?>
<Canons NextId="2">
  <Canon Id="1" Default="true" Psa151inPsa="false" LjeInBar="false" DagPartial="false">
    <Name />
    <NameLocal />
    <Abbreviation />
    <AbbreviationLocal />
    <Description />
    <DescriptionLocal />
    <Book>GEN</Book>
    <Book>EXO</Book>
    <Book>LEV</Book>
    <Book>NUM</Book>
    <Book>DEU</Book>
    <Book>JOS</Book>
    <Book>JDG</Book>
    <Book>1SA</Book>
    <Book>2SA</Book>
    <Book>1KI</Book>
    <Book>2KI</Book>
    <Book>ISA</Book>
    <Book>JER</Book>
    <Book>EZK</Book>
    <Book>HOS</Book>
    <Book>JOL</Book>
    <Book>AMO</Book>
    <Book>OBA</Book>
    <Book>JON</Book>
    <Book>MIC</Book>
    <Book>NAM</Book>
    <Book>HAB</Book>
    <Book>ZEP</Book>
    <Book>HAG</Book>
    <Book>ZEC</Book>
    <Book>MAL</Book>
    <Book>PSA</Book>
    <Book>PRO</Book>
    <Book>JOB</Book>
    <Book>SNG</Book>
    <Book>RUT</Book>
    <Book>LAM</Book>
    <Book>ECC</Book>
    <Book>EST</Book>
    <Book>DAN</Book>
    <Book>EZR</Book>
    <Book>NEH</Book>
    <Book>1CH</Book>
    <Book>2CH</Book>
  </Canon>
</Canons>