﻿<?xml version="1.0" encoding="utf-8"?>
<CheckingStatuses>
  <CheckingStatus>
    <BookName>GEN</BookName>
    <Check>ChapterVerse</Check>
    <MD5>90C82CBCB5A456950738F65D0985DC52</MD5>
    <Date>2020-07-08T09:46:09.5812331+01:00</Date>
    <Errors>0</Errors>
    <DeniedErrors>0</DeniedErrors>
  </CheckingStatus>
  <CheckingStatus>
    <BookName>GEN</BookName>
    <Check>Marker</Check>
    <MD5>90C82CBCB5A456950738F65D0985DC52</MD5>
    <Date>2020-07-08T09:46:09.8694001+01:00</Date>
    <Errors>0</Errors>
    <DeniedErrors>0</DeniedErrors>
  </CheckingStatus>
  <CheckingStatus>
    <BookName>EXO</BookName>
    <Check>ChapterVerse</Check>
    <MD5>FBAB83181FD9203254E93DFB451EBF1D</MD5>
    <Date>2020-07-08T09:46:09.894335+01:00</Date>
    <Errors>0</Errors>
    <DeniedErrors>0</DeniedErrors>
  </CheckingStatus>
  <CheckingStatus>
    <BookName>EXO</BookName>
    <Check>Marker</Check>
    <MD5>FBAB83181FD9203254E93DFB451EBF1D</MD5>
    <Date>2020-07-08T09:46:09.9013149+01:00</Date>
    <Errors>0</Errors>
    <DeniedErrors>0</DeniedErrors>
  </CheckingStatus>
  <CheckingStatus>
    <BookName>LEV</BookName>
    <Check>ChapterVerse</Check>
    <MD5>331AB346AB5B6310919B5207515023F7</MD5>
    <Date>2020-07-08T09:46:09.9123218+01:00</Date>
    <Errors>0</Errors>
    <DeniedErrors>0</DeniedErrors>
  </CheckingStatus>
  <CheckingStatus>
    <BookName>LEV</BookName>
    <Check>Marker</Check>
    <MD5>331AB346AB5B6310919B5207515023F7</MD5>
    <Date>2020-07-08T09:46:09.918304+01:00</Date>
    <Errors>0</Errors>
    <DeniedErrors>0</DeniedErrors>
  </CheckingStatus>
  <CheckingStatus>
    <BookName>NUM</BookName>
    <Check>ChapterVerse</Check>
    <MD5>4A0D76FF542B53E76AE033766B5645BC</MD5>
    <Date>2020-07-08T09:46:09.9332379+01:00</Date>
    <Errors>0</Errors>
    <DeniedErrors>0</DeniedErrors>
  </CheckingStatus>
  <CheckingStatus>
    <BookName>NUM</BookName>
    <Check>Marker</Check>
    <MD5>4A0D76FF542B53E76AE033766B5645BC</MD5>
    <Date>2020-07-08T09:46:09.9392166+01:00</Date>
    <Errors>0</Errors>
    <DeniedErrors>0</DeniedErrors>
  </CheckingStatus>
  <CheckingStatus>
    <BookName>DEU</BookName>
    <Check>ChapterVerse</Check>
    <MD5>644CE8A86626A5959716A5F7F842D11C</MD5>
    <Date>2020-07-08T09:46:09.958166+01:00</Date>
    <Errors>0</Errors>
    <DeniedErrors>0</DeniedErrors>
  </CheckingStatus>
  <CheckingStatus>
    <BookName>DEU</BookName>
    <Check>Marker</Check>
    <MD5>644CE8A86626A5959716A5F7F842D11C</MD5>
    <Date>2020-07-08T09:46:09.9671437+01:00</Date>
    <Errors>0</Errors>
    <DeniedErrors>0</DeniedErrors>
  </CheckingStatus>
  <CheckingStatus>
    <BookName>JOS</BookName>
    <Check>ChapterVerse</Check>
    <MD5>4DAFFC9A7E1775993CF88C00214B8152</MD5>
    <Date>2020-07-08T09:46:09.9761196+01:00</Date>
    <Errors>0</Errors>
    <DeniedErrors>0</DeniedErrors>
  </CheckingStatus>
  <CheckingStatus>
    <BookName>JOS</BookName>
    <Check>Marker</Check>
    <MD5>4DAFFC9A7E1775993CF88C00214B8152</MD5>
    <Date>2020-07-08T09:46:09.9801179+01:00</Date>
    <Errors>0</Errors>
    <DeniedErrors>0</DeniedErrors>
  </CheckingStatus>
  <CheckingStatus>
    <BookName>JDG</BookName>
    <Check>ChapterVerse</Check>
    <MD5>F0E7DAB3F3BC2C0558F6840105FD454D</MD5>
    <Date>2020-07-08T09:46:09.9881213+01:00</Date>
    <Errors>0</Errors>
    <DeniedErrors>0</DeniedErrors>
  </CheckingStatus>
  <CheckingStatus>
    <BookName>JDG</BookName>
    <Check>Marker</Check>
    <MD5>F0E7DAB3F3BC2C0558F6840105FD454D</MD5>
    <Date>2020-07-08T09:46:09.9920774+01:00</Date>
    <Errors>0</Errors>
    <DeniedErrors>0</DeniedErrors>
  </CheckingStatus>
  <CheckingStatus>
    <BookName>RUT</BookName>
    <Check>ChapterVerse</Check>
    <MD5>36FF00FFA89C2550F233F64C434D528E</MD5>
    <Date>2020-07-08T09:46:09.9950711+01:00</Date>
    <Errors>0</Errors>
    <DeniedErrors>0</DeniedErrors>
  </CheckingStatus>
  <CheckingStatus>
    <BookName>RUT</BookName>
    <Check>Marker</Check>
    <MD5>36FF00FFA89C2550F233F64C434D528E</MD5>
    <Date>2020-07-08T09:46:09.9961017+01:00</Date>
    <Errors>0</Errors>
    <DeniedErrors>0</DeniedErrors>
  </CheckingStatus>
  <CheckingStatus>
    <BookName>1SA</BookName>
    <Check>ChapterVerse</Check>
    <MD5>AD754E57B1DAAEE37CA12D0E0B2FF78F</MD5>
    <Date>2020-07-08T09:46:10.0050789+01:00</Date>
    <Errors>0</Errors>
    <DeniedErrors>0</DeniedErrors>
  </CheckingStatus>
  <CheckingStatus>
    <BookName>1SA</BookName>
    <Check>Marker</Check>
    <MD5>AD754E57B1DAAEE37CA12D0E0B2FF78F</MD5>
    <Date>2020-07-08T09:46:10.0110303+01:00</Date>
    <Errors>0</Errors>
    <DeniedErrors>0</DeniedErrors>
  </CheckingStatus>
  <CheckingStatus>
    <BookName>2SA</BookName>
    <Check>ChapterVerse</Check>
    <MD5>910FD5F06EE2B50D01D06ADB39D044B7</MD5>
    <Date>2020-07-08T09:46:10.0200379+01:00</Date>
    <Errors>0</Errors>
    <DeniedErrors>0</DeniedErrors>
  </CheckingStatus>
  <CheckingStatus>
    <BookName>2SA</BookName>
    <Check>Marker</Check>
    <MD5>910FD5F06EE2B50D01D06ADB39D044B7</MD5>
    <Date>2020-07-08T09:46:10.0249937+01:00</Date>
    <Errors>0</Errors>
    <DeniedErrors>0</DeniedErrors>
  </CheckingStatus>
  <CheckingStatus>
    <BookName>1KI</BookName>
    <Check>ChapterVerse</Check>
    <MD5>B6BCDF0262BE43ABFFA394F3863E60E2</MD5>
    <Date>2020-07-08T09:46:10.0359624+01:00</Date>
    <Errors>0</Errors>
    <DeniedErrors>0</DeniedErrors>
  </CheckingStatus>
  <CheckingStatus>
    <BookName>1KI</BookName>
    <Check>Marker</Check>
    <MD5>B6BCDF0262BE43ABFFA394F3863E60E2</MD5>
    <Date>2020-07-08T09:46:10.0429576+01:00</Date>
    <Errors>0</Errors>
    <DeniedErrors>0</DeniedErrors>
  </CheckingStatus>
  <CheckingStatus>
    <BookName>2KI</BookName>
    <Check>ChapterVerse</Check>
    <MD5>34023D0AA77E24C2AF6A7D417F79FF3F</MD5>
    <Date>2020-07-08T09:46:10.0549149+01:00</Date>
    <Errors>0</Errors>
    <DeniedErrors>0</DeniedErrors>
  </CheckingStatus>
  <CheckingStatus>
    <BookName>2KI</BookName>
    <Check>Marker</Check>
    <MD5>34023D0AA77E24C2AF6A7D417F79FF3F</MD5>
    <Date>2020-07-08T09:46:10.0638912+01:00</Date>
    <Errors>0</Errors>
    <DeniedErrors>0</DeniedErrors>
  </CheckingStatus>
  <CheckingStatus>
    <BookName>1CH</BookName>
    <Check>ChapterVerse</Check>
    <MD5>EA7AFC760DA130FF2F4CF3B947B0F7DA</MD5>
    <Date>2020-07-08T09:46:10.0768572+01:00</Date>
    <Errors>0</Errors>
    <DeniedErrors>0</DeniedErrors>
  </CheckingStatus>
  <CheckingStatus>
    <BookName>1CH</BookName>
    <Check>Marker</Check>
    <MD5>EA7AFC760DA130FF2F4CF3B947B0F7DA</MD5>
    <Date>2020-07-08T09:46:10.0818437+01:00</Date>
    <Errors>0</Errors>
    <DeniedErrors>0</DeniedErrors>
  </CheckingStatus>
  <CheckingStatus>
    <BookName>2CH</BookName>
    <Check>ChapterVerse</Check>
    <MD5>43FDD0D7DCAE0CB5F9F15EC0F10C890C</MD5>
    <Date>2020-07-08T09:46:10.0928143+01:00</Date>
    <Errors>0</Errors>
    <DeniedErrors>0</DeniedErrors>
  </CheckingStatus>
  <CheckingStatus>
    <BookName>2CH</BookName>
    <Check>Marker</Check>
    <MD5>43FDD0D7DCAE0CB5F9F15EC0F10C890C</MD5>
    <Date>2020-07-08T09:46:10.0978005+01:00</Date>
    <Errors>0</Errors>
    <DeniedErrors>0</DeniedErrors>
  </CheckingStatus>
  <CheckingStatus>
    <BookName>EZR</BookName>
    <Check>ChapterVerse</Check>
    <MD5>6B295814F8E7DC5EE1FCF0DB7D66E6DE</MD5>
    <Date>2020-07-08T09:46:10.1028219+01:00</Date>
    <Errors>0</Errors>
    <DeniedErrors>0</DeniedErrors>
  </CheckingStatus>
  <CheckingStatus>
    <BookName>EZR</BookName>
    <Check>Marker</Check>
    <MD5>6B295814F8E7DC5EE1FCF0DB7D66E6DE</MD5>
    <Date>2020-07-08T09:46:10.1047833+01:00</Date>
    <Errors>0</Errors>
    <DeniedErrors>0</DeniedErrors>
  </CheckingStatus>
  <CheckingStatus>
    <BookName>NEH</BookName>
    <Check>ChapterVerse</Check>
    <MD5>134C86864A73E4E32C57004E5A275371</MD5>
    <Date>2020-07-08T09:46:10.1137607+01:00</Date>
    <Errors>0</Errors>
    <DeniedErrors>0</DeniedErrors>
  </CheckingStatus>
  <CheckingStatus>
    <BookName>NEH</BookName>
    <Check>Marker</Check>
    <MD5>134C86864A73E4E32C57004E5A275371</MD5>
    <Date>2020-07-08T09:46:10.1157555+01:00</Date>
    <Errors>0</Errors>
    <DeniedErrors>0</DeniedErrors>
  </CheckingStatus>
  <CheckingStatus>
    <BookName>EST</BookName>
    <Check>ChapterVerse</Check>
    <MD5>63F5E58048EBADAA1DA65B460CF048CD</MD5>
    <Date>2020-07-08T09:46:10.1197488+01:00</Date>
    <Errors>0</Errors>
    <DeniedErrors>0</DeniedErrors>
  </CheckingStatus>
  <CheckingStatus>
    <BookName>EST</BookName>
    <Check>Marker</Check>
    <MD5>63F5E58048EBADAA1DA65B460CF048CD</MD5>
    <Date>2020-07-08T09:46:10.1207749+01:00</Date>
    <Errors>0</Errors>
    <DeniedErrors>0</DeniedErrors>
  </CheckingStatus>
  <CheckingStatus>
    <BookName>JOB</BookName>
    <Check>ChapterVerse</Check>
    <MD5>8CA09588B8604A26D1A0EBFD86A00B63</MD5>
    <Date>2020-07-08T09:46:10.1327098+01:00</Date>
    <Errors>0</Errors>
    <DeniedErrors>0</DeniedErrors>
  </CheckingStatus>
  <CheckingStatus>
    <BookName>JOB</BookName>
    <Check>Marker</Check>
    <MD5>8CA09588B8604A26D1A0EBFD86A00B63</MD5>
    <Date>2020-07-08T09:46:10.1377301+01:00</Date>
    <Errors>0</Errors>
    <DeniedErrors>0</DeniedErrors>
  </CheckingStatus>
  <CheckingStatus>
    <BookName>PSA</BookName>
    <Check>ChapterVerse</Check>
    <MD5>9A70AE368FC81EB6BDE817EA3853FFB2</MD5>
    <Date>2020-07-08T09:46:10.160669+01:00</Date>
    <Errors>0</Errors>
    <DeniedErrors>0</DeniedErrors>
  </CheckingStatus>
  <CheckingStatus>
    <BookName>PSA</BookName>
    <Check>Marker</Check>
    <MD5>9A70AE368FC81EB6BDE817EA3853FFB2</MD5>
    <Date>2020-07-08T09:46:10.1736041+01:00</Date>
    <Errors>0</Errors>
    <DeniedErrors>0</DeniedErrors>
  </CheckingStatus>
  <CheckingStatus>
    <BookName>PRO</BookName>
    <Check>ChapterVerse</Check>
    <MD5>9735B1C32BE90B3DC32641D9518BE702</MD5>
    <Date>2020-07-08T09:46:10.1818311+01:00</Date>
    <Errors>0</Errors>
    <DeniedErrors>0</DeniedErrors>
  </CheckingStatus>
  <CheckingStatus>
    <BookName>PRO</BookName>
    <Check>Marker</Check>
    <MD5>9735B1C32BE90B3DC32641D9518BE702</MD5>
    <Date>2020-07-08T09:46:10.1868189+01:00</Date>
    <Errors>0</Errors>
    <DeniedErrors>0</DeniedErrors>
  </CheckingStatus>
  <CheckingStatus>
    <BookName>ECC</BookName>
    <Check>ChapterVerse</Check>
    <MD5>D74EC08207CE17D6F8C5FADB40A76EB3</MD5>
    <Date>2020-07-08T09:46:10.1905141+01:00</Date>
    <Errors>0</Errors>
    <DeniedErrors>0</DeniedErrors>
  </CheckingStatus>
  <CheckingStatus>
    <BookName>ECC</BookName>
    <Check>Marker</Check>
    <MD5>D74EC08207CE17D6F8C5FADB40A76EB3</MD5>
    <Date>2020-07-08T09:46:10.1924922+01:00</Date>
    <Errors>0</Errors>
    <DeniedErrors>0</DeniedErrors>
  </CheckingStatus>
  <CheckingStatus>
    <BookName>SNG</BookName>
    <Check>ChapterVerse</Check>
    <MD5>228FC9C2F3CB41100DC7606634C4D9A7</MD5>
    <Date>2020-07-08T09:46:10.1955001+01:00</Date>
    <Errors>0</Errors>
    <DeniedErrors>0</DeniedErrors>
  </CheckingStatus>
  <CheckingStatus>
    <BookName>SNG</BookName>
    <Check>Marker</Check>
    <MD5>228FC9C2F3CB41100DC7606634C4D9A7</MD5>
    <Date>2020-07-08T09:46:10.1964999+01:00</Date>
    <Errors>0</Errors>
    <DeniedErrors>0</DeniedErrors>
  </CheckingStatus>
  <CheckingStatus>
    <BookName>ISA</BookName>
    <Check>ChapterVerse</Check>
    <MD5>6AEDD08FAB843C4C08AFE862805C8026</MD5>
    <Date>2020-07-08T09:46:10.212455+01:00</Date>
    <Errors>0</Errors>
    <DeniedErrors>0</DeniedErrors>
  </CheckingStatus>
  <CheckingStatus>
    <BookName>ISA</BookName>
    <Check>Marker</Check>
    <MD5>6AEDD08FAB843C4C08AFE862805C8026</MD5>
    <Date>2020-07-08T09:46:10.2254221+01:00</Date>
    <Errors>0</Errors>
    <DeniedErrors>0</DeniedErrors>
  </CheckingStatus>
  <CheckingStatus>
    <BookName>JER</BookName>
    <Check>ChapterVerse</Check>
    <MD5>91EA24F8A95D952365A4BA045014847E</MD5>
    <Date>2020-07-08T09:46:10.2403822+01:00</Date>
    <Errors>0</Errors>
    <DeniedErrors>0</DeniedErrors>
  </CheckingStatus>
  <CheckingStatus>
    <BookName>JER</BookName>
    <Check>Marker</Check>
    <MD5>91EA24F8A95D952365A4BA045014847E</MD5>
    <Date>2020-07-08T09:46:10.2493609+01:00</Date>
    <Errors>0</Errors>
    <DeniedErrors>0</DeniedErrors>
  </CheckingStatus>
  <CheckingStatus>
    <BookName>LAM</BookName>
    <Check>ChapterVerse</Check>
    <MD5>56B90B97C1706AC01F5EFA2324B65A2B</MD5>
    <Date>2020-07-08T09:46:10.2523529+01:00</Date>
    <Errors>0</Errors>
    <DeniedErrors>0</DeniedErrors>
  </CheckingStatus>
  <CheckingStatus>
    <BookName>LAM</BookName>
    <Check>Marker</Check>
    <MD5>56B90B97C1706AC01F5EFA2324B65A2B</MD5>
    <Date>2020-07-08T09:46:10.2533491+01:00</Date>
    <Errors>0</Errors>
    <DeniedErrors>0</DeniedErrors>
  </CheckingStatus>
  <CheckingStatus>
    <BookName>EZK</BookName>
    <Check>ChapterVerse</Check>
    <MD5>79A0CB671E9A2179F29A00C04529DFE2</MD5>
    <Date>2020-07-08T09:46:10.2692733+01:00</Date>
    <Errors>0</Errors>
    <DeniedErrors>0</DeniedErrors>
  </CheckingStatus>
  <CheckingStatus>
    <BookName>EZK</BookName>
    <Check>Marker</Check>
    <MD5>79A0CB671E9A2179F29A00C04529DFE2</MD5>
    <Date>2020-07-08T09:46:10.2792833+01:00</Date>
    <Errors>0</Errors>
    <DeniedErrors>0</DeniedErrors>
  </CheckingStatus>
  <CheckingStatus>
    <BookName>DAN</BookName>
    <Check>ChapterVerse</Check>
    <MD5>B4146390B22C1181E647152CD11F80CA</MD5>
    <Date>2020-07-08T09:46:10.2852648+01:00</Date>
    <Errors>0</Errors>
    <DeniedErrors>0</DeniedErrors>
  </CheckingStatus>
  <CheckingStatus>
    <BookName>DAN</BookName>
    <Check>Marker</Check>
    <MD5>B4146390B22C1181E647152CD11F80CA</MD5>
    <Date>2020-07-08T09:46:10.2872624+01:00</Date>
    <Errors>0</Errors>
    <DeniedErrors>0</DeniedErrors>
  </CheckingStatus>
  <CheckingStatus>
    <BookName>HOS</BookName>
    <Check>ChapterVerse</Check>
    <MD5>472E30107DB7037EC331303E185EB3AC</MD5>
    <Date>2020-07-08T09:46:10.2912167+01:00</Date>
    <Errors>0</Errors>
    <DeniedErrors>0</DeniedErrors>
  </CheckingStatus>
  <CheckingStatus>
    <BookName>HOS</BookName>
    <Check>Marker</Check>
    <MD5>472E30107DB7037EC331303E185EB3AC</MD5>
    <Date>2020-07-08T09:46:10.2932112+01:00</Date>
    <Errors>0</Errors>
    <DeniedErrors>0</DeniedErrors>
  </CheckingStatus>
  <CheckingStatus>
    <BookName>JOL</BookName>
    <Check>ChapterVerse</Check>
    <MD5>55A70662A70CC66D22D74C248401A4B5</MD5>
    <Date>2020-07-08T09:46:10.2962362+01:00</Date>
    <Errors>0</Errors>
    <DeniedErrors>0</DeniedErrors>
  </CheckingStatus>
  <CheckingStatus>
    <BookName>JOL</BookName>
    <Check>Marker</Check>
    <MD5>55A70662A70CC66D22D74C248401A4B5</MD5>
    <Date>2020-07-08T09:46:10.2972358+01:00</Date>
    <Errors>0</Errors>
    <DeniedErrors>0</DeniedErrors>
  </CheckingStatus>
  <CheckingStatus>
    <BookName>AMO</BookName>
    <Check>ChapterVerse</Check>
    <MD5>75380EA4CB625F196F0F6952CD6126F5</MD5>
    <Date>2020-07-08T09:46:10.2992281+01:00</Date>
    <Errors>0</Errors>
    <DeniedErrors>0</DeniedErrors>
  </CheckingStatus>
  <CheckingStatus>
    <BookName>AMO</BookName>
    <Check>Marker</Check>
    <MD5>75380EA4CB625F196F0F6952CD6126F5</MD5>
    <Date>2020-07-08T09:46:10.3012243+01:00</Date>
    <Errors>0</Errors>
    <DeniedErrors>0</DeniedErrors>
  </CheckingStatus>
  <CheckingStatus>
    <BookName>OBA</BookName>
    <Check>ChapterVerse</Check>
    <MD5>4128D3D5CA7F5AA83C4A7A4E58C4C747</MD5>
    <Date>2020-07-08T09:46:10.3032206+01:00</Date>
    <Errors>0</Errors>
    <DeniedErrors>0</DeniedErrors>
  </CheckingStatus>
  <CheckingStatus>
    <BookName>OBA</BookName>
    <Check>Marker</Check>
    <MD5>4128D3D5CA7F5AA83C4A7A4E58C4C747</MD5>
    <Date>2020-07-08T09:46:10.3032206+01:00</Date>
    <Errors>0</Errors>
    <DeniedErrors>0</DeniedErrors>
  </CheckingStatus>
  <CheckingStatus>
    <BookName>JON</BookName>
    <Check>ChapterVerse</Check>
    <MD5>F578082E63165E90CF42E38E6B03337F</MD5>
    <Date>2020-07-08T09:46:10.3051803+01:00</Date>
    <Errors>0</Errors>
    <DeniedErrors>0</DeniedErrors>
  </CheckingStatus>
  <CheckingStatus>
    <BookName>JON</BookName>
    <Check>Marker</Check>
    <MD5>F578082E63165E90CF42E38E6B03337F</MD5>
    <Date>2020-07-08T09:46:10.3062112+01:00</Date>
    <Errors>0</Errors>
    <DeniedErrors>0</DeniedErrors>
  </CheckingStatus>
  <CheckingStatus>
    <BookName>MIC</BookName>
    <Check>ChapterVerse</Check>
    <MD5>DF88C35193423750DE617F2CC72CB0A6</MD5>
    <Date>2020-07-08T09:46:10.3091706+01:00</Date>
    <Errors>0</Errors>
    <DeniedErrors>0</DeniedErrors>
  </CheckingStatus>
  <CheckingStatus>
    <BookName>MIC</BookName>
    <Check>Marker</Check>
    <MD5>DF88C35193423750DE617F2CC72CB0A6</MD5>
    <Date>2020-07-08T09:46:10.3102002+01:00</Date>
    <Errors>0</Errors>
    <DeniedErrors>0</DeniedErrors>
  </CheckingStatus>
  <CheckingStatus>
    <BookName>NAM</BookName>
    <Check>ChapterVerse</Check>
    <MD5>B520A3EFA3C621237C0A841D8B4AC589</MD5>
    <Date>2020-07-08T09:46:10.3121619+01:00</Date>
    <Errors>0</Errors>
    <DeniedErrors>0</DeniedErrors>
  </CheckingStatus>
  <CheckingStatus>
    <BookName>NAM</BookName>
    <Check>Marker</Check>
    <MD5>B520A3EFA3C621237C0A841D8B4AC589</MD5>
    <Date>2020-07-08T09:46:10.3131943+01:00</Date>
    <Errors>0</Errors>
    <DeniedErrors>0</DeniedErrors>
  </CheckingStatus>
  <CheckingStatus>
    <BookName>HAB</BookName>
    <Check>ChapterVerse</Check>
    <MD5>7A7DDE59155AD21470B6B944D8E7B727</MD5>
    <Date>2020-07-08T09:46:10.3151866+01:00</Date>
    <Errors>0</Errors>
    <DeniedErrors>0</DeniedErrors>
  </CheckingStatus>
  <CheckingStatus>
    <BookName>HAB</BookName>
    <Check>Marker</Check>
    <MD5>7A7DDE59155AD21470B6B944D8E7B727</MD5>
    <Date>2020-07-08T09:46:10.3151866+01:00</Date>
    <Errors>0</Errors>
    <DeniedErrors>0</DeniedErrors>
  </CheckingStatus>
  <CheckingStatus>
    <BookName>ZEP</BookName>
    <Check>ChapterVerse</Check>
    <MD5>EF4927E8D2B7FA3034209C4865B38B05</MD5>
    <Date>2020-07-08T09:46:10.3181787+01:00</Date>
    <Errors>0</Errors>
    <DeniedErrors>0</DeniedErrors>
  </CheckingStatus>
  <CheckingStatus>
    <BookName>ZEP</BookName>
    <Check>Marker</Check>
    <MD5>EF4927E8D2B7FA3034209C4865B38B05</MD5>
    <Date>2020-07-08T09:46:10.3181787+01:00</Date>
    <Errors>0</Errors>
    <DeniedErrors>0</DeniedErrors>
  </CheckingStatus>
  <CheckingStatus>
    <BookName>HAG</BookName>
    <Check>ChapterVerse</Check>
    <MD5>2E12957E6383781A817991ECBB47699C</MD5>
    <Date>2020-07-08T09:46:10.320142+01:00</Date>
    <Errors>0</Errors>
    <DeniedErrors>0</DeniedErrors>
  </CheckingStatus>
  <CheckingStatus>
    <BookName>HAG</BookName>
    <Check>Marker</Check>
    <MD5>2E12957E6383781A817991ECBB47699C</MD5>
    <Date>2020-07-08T09:46:10.321172+01:00</Date>
    <Errors>0</Errors>
    <DeniedErrors>0</DeniedErrors>
  </CheckingStatus>
  <CheckingStatus>
    <BookName>ZEC</BookName>
    <Check>ChapterVerse</Check>
    <MD5>4D19293C4B53C35A0BCC4A96BFC31243</MD5>
    <Date>2020-07-08T09:46:10.3241668+01:00</Date>
    <Errors>0</Errors>
    <DeniedErrors>0</DeniedErrors>
  </CheckingStatus>
  <CheckingStatus>
    <BookName>ZEC</BookName>
    <Check>Marker</Check>
    <MD5>4D19293C4B53C35A0BCC4A96BFC31243</MD5>
    <Date>2020-07-08T09:46:10.326147+01:00</Date>
    <Errors>0</Errors>
    <DeniedErrors>0</DeniedErrors>
  </CheckingStatus>
  <CheckingStatus>
    <BookName>MAL</BookName>
    <Check>ChapterVerse</Check>
    <MD5>0856EE4E2F3CF8894026D49DAAE565AD</MD5>
    <Date>2020-07-08T09:46:10.3291165+01:00</Date>
    <Errors>0</Errors>
    <DeniedErrors>0</DeniedErrors>
  </CheckingStatus>
  <CheckingStatus>
    <BookName>MAL</BookName>
    <Check>Marker</Check>
    <MD5>0856EE4E2F3CF8894026D49DAAE565AD</MD5>
    <Date>2020-07-08T09:46:10.3301485+01:00</Date>
    <Errors>0</Errors>
    <DeniedErrors>0</DeniedErrors>
  </CheckingStatus>
</CheckingStatuses>