﻿<?xml version="1.0" encoding="utf-8"?>
<ProjectUserAccess PeerSharing="true">
  <User UserName="Drew Maust" FirstUser="true" UnregisteredUser="false">
    <Role>Administrator</Role>
    <AllBooks>true</AllBooks>
    <Books />
    <Permissions>
      <Permission Type="TermsList" Granted="true" />
      <Permission Type="Renderings" Granted="true" />
      <Permission Type="Spellings" Granted="true" />
      <Permission Type="Passages" Granted="true" />
      <Permission Type="Progress" Granted="true" />
    </Permissions>
    <AutomaticBooks />
    <AutomaticPermissions />
  </User>
  <User UserName="CMB Apps" FirstUser="false" UnregisteredUser="false">
    <Role>Observer</Role>
    <AllBooks>false</AllBooks>
    <Books />
    <Permissions>
      <Permission Type="TermsList" Granted="false" />
      <Permission Type="Renderings" Granted="false" />
      <Permission Type="Spellings" Granted="false" />
      <Permission Type="Passages" Granted="false" />
      <Permission Type="Progress" Granted="false" />
    </Permissions>
    <AutomaticBooks />
    <AutomaticPermissions />
  </User>
  <User UserName="Andrew Case" FirstUser="false" UnregisteredUser="false">
    <Role>Observer</Role>
    <AllBooks>false</AllBooks>
    <Books />
    <Permissions>
      <Permission Type="TermsList" Granted="false" />
      <Permission Type="Renderings" Granted="false" />
      <Permission Type="Spellings" Granted="false" />
      <Permission Type="Passages" Granted="false" />
      <Permission Type="Progress" Granted="false" />
    </Permissions>
    <AutomaticBooks />
    <AutomaticPermissions />
  </User>
  <User UserName="Cameron Hamm" FirstUser="false" UnregisteredUser="false">
    <Role>Observer</Role>
    <AllBooks>false</AllBooks>
    <Books />
    <Permissions>
      <Permission Type="TermsList" Granted="false" />
      <Permission Type="Renderings" Granted="false" />
      <Permission Type="Spellings" Granted="false" />
      <Permission Type="Passages" Granted="false" />
      <Permission Type="Progress" Granted="false" />
    </Permissions>
    <AutomaticBooks />
    <AutomaticPermissions />
  </User>
</ProjectUserAccess>