﻿<?xml version="1.0" encoding="utf-8"?>
<BookNames>
  <book code="GEN" abbr="" short="" long="" />
  <book code="EXO" abbr="" short="" long="" />
  <book code="LEV" abbr="" short="" long="" />
  <book code="NUM" abbr="" short="" long="" />
  <book code="DEU" abbr="" short="" long="" />
  <book code="JOS" abbr="" short="" long="" />
  <book code="JDG" abbr="" short="" long="" />
  <book code="RUT" abbr="" short="" long="" />
  <book code="1SA" abbr="" short="" long="" />
  <book code="2SA" abbr="" short="" long="" />
  <book code="1KI" abbr="" short="" long="" />
  <book code="2KI" abbr="" short="" long="" />
  <book code="1CH" abbr="" short="" long="" />
  <book code="2CH" abbr="" short="" long="" />
  <book code="EZR" abbr="" short="" long="" />
  <book code="NEH" abbr="" short="" long="" />
  <book code="EST" abbr="" short="" long="" />
  <book code="JOB" abbr="" short="" long="" />
  <book code="PSA" abbr="" short="" long="" />
  <book code="PRO" abbr="" short="" long="" />
  <book code="ECC" abbr="" short="" long="" />
  <book code="SNG" abbr="" short="" long="" />
  <book code="ISA" abbr="" short="" long="" />
  <book code="JER" abbr="" short="" long="" />
  <book code="LAM" abbr="" short="" long="" />
  <book code="EZK" abbr="" short="" long="" />
  <book code="DAN" abbr="" short="" long="" />
  <book code="HOS" abbr="" short="" long="" />
  <book code="JOL" abbr="" short="" long="" />
  <book code="AMO" abbr="" short="" long="" />
  <book code="OBA" abbr="" short="" long="" />
  <book code="JON" abbr="" short="" long="" />
  <book code="MIC" abbr="" short="" long="" />
  <book code="NAM" abbr="" short="" long="" />
  <book code="HAB" abbr="" short="" long="" />
  <book code="ZEP" abbr="" short="" long="" />
  <book code="HAG" abbr="" short="" long="" />
  <book code="ZEC" abbr="" short="" long="" />
  <book code="MAL" abbr="" short="" long="" />
  <book code="MAT" abbr="" short="ΜΑΘΘΑΙΟΝ" long="ΚΑΤΑ ΜΑΘΘΑΙΟΝ" />
  <book code="MRK" abbr="" short="ΜΑΡΚΟΝ" long="ΚΑΤΑ ΜΑΡΚΟΝ" />
  <book code="LUK" abbr="" short="ΛΟΥΚΑΝ" long="ΚΑΤΑ ΛΟΥΚΑΝ" />
  <book code="JHN" abbr="" short="ΙΩΑΝΝΗΝ" long="ΚΑΤΑ ΙΩΑΝΝΗΝ" />
  <book code="ACT" abbr="" short="ΠΡΑΞΕΙΣ ΑΠΟΣΤΟΛΩΝ" long="ΠΡΑΞΕΙΣ ΑΠΟΣΤΟΛΩΝ" />
  <book code="ROM" abbr="" short="ΡΩΜΑΙΟΥΣ" long="ΠΡΟΣ ΡΩΜΑΙΟΥΣ" />
  <book code="1CO" abbr="" short="ΚΟΡΙΝΘΙΟΥΣ Α" long="ΠΡΟΣ ΚΟΡΙΝΘΙΟΥΣ Α" />
  <book code="2CO" abbr="" short="ΚΟΡΙΝΘΙΟΥΣ Β" long="ΠΡΟΣ ΚΟΡΙΝΘΙΟΥΣ Β" />
  <book code="GAL" abbr="" short="ΓΑΛΑΤΑΣ" long="ΠΡΟΣ ΓΑΛΑΤΑΣ" />
  <book code="EPH" abbr="" short="ΕΦΕΣΙΟΥΣ" long="ΠΡΟΣ ΕΦΕΣΙΟΥΣ" />
  <book code="PHP" abbr="" short="ΦΙΛΙΠΠΗΣΙΟΥΣ" long="ΠΡΟΣ ΦΙΛΙΠΠΗΣΙΟΥΣ" />
  <book code="COL" abbr="" short="ΚΟΛΟΣΣΑΕΙΣ" long="ΠΡΟΣ ΚΟΛΟΣΣΑΕΙΣ" />
  <book code="1TH" abbr="" short="ΘΕΣΣΑΛΟΝΙΚΕΙΣ Α" long="ΠΡΟΣ ΘΕΣΣΑΛΟΝΙΚΕΙΣ Α" />
  <book code="2TH" abbr="" short="ΘΕΣΣΑΛΟΝΙΚΕΙΣ Β" long="ΠΡΟΣ ΘΕΣΣΑΛΟΝΙΚΕΙΣ Β" />
  <book code="1TI" abbr="" short="ΤΙΜΟΘΕΟΝ Α" long="ΠΡΟΣ ΤΙΜΟΘΕΟΝ Α" />
  <book code="2TI" abbr="" short="ΤΙΜΟΘΕΟΝ Β" long="ΠΡΟΣ ΤΙΜΟΘΕΟΝ Β" />
  <book code="TIT" abbr="" short="ΤΙΤΟΝ" long="ΠΡΟΣ ΤΙΤΟΝ" />
  <book code="PHM" abbr="" short="ΦΙΛΗΜΟΝΑ" long="ΠΡΟΣ ΦΙΛΗΜΟΝΑ" />
  <book code="HEB" abbr="" short="ΕΒΡΑΙΟΥΣ" long="ΠΡΟΣ ΕΒΡΑΙΟΥΣ" />
  <book code="JAS" abbr="" short="ΙΑΚΩΒΟΥ" long="ΙΑΚΩΒΟΥ" />
  <book code="1PE" abbr="" short="ΠΕΤΡΟΥ Α" long="ΠΕΤΡΟΥ Α" />
  <book code="2PE" abbr="" short="ΠΕΤΡΟΥ Β" long="ΠΕΤΡΟΥ Β" />
  <book code="1JN" abbr="" short="ΙΩΑΝΝΟΥ Α" long="ΙΩΑΝΝΟΥ Α" />
  <book code="2JN" abbr="" short="ΙΩΑΝΝΟΥ Β" long="ΙΩΑΝΝΟΥ Β" />
  <book code="3JN" abbr="" short="ΙΩΑΝΝΟΥ Γ" long="ΙΩΑΝΝΟΥ Γ" />
  <book code="JUD" abbr="" short="ΙΟΥΔΑ" long="ΙΟΥΔΑ" />
  <book code="REV" abbr="" short="ΑΠΟΚΑΛΥΨΙΣ ΙΩΑΝΝΟΥ" long="ΑΠΟΚΑΛΥΨΙΣ ΙΩΑΝΝΟΥ" />
  <book code="TOB" abbr="" short="" long="" />
  <book code="JDT" abbr="" short="" long="" />
  <book code="ESG" abbr="" short="" long="" />
  <book code="WIS" abbr="" short="" long="" />
  <book code="SIR" abbr="" short="" long="" />
  <book code="BAR" abbr="" short="" long="" />
  <book code="LJE" abbr="" short="" long="" />
  <book code="S3Y" abbr="" short="" long="" />
  <book code="SUS" abbr="" short="" long="" />
  <book code="BEL" abbr="" short="" long="" />
  <book code="1MA" abbr="" short="" long="" />
  <book code="2MA" abbr="" short="" long="" />
  <book code="3MA" abbr="" short="" long="" />
  <book code="4MA" abbr="" short="" long="" />
  <book code="1ES" abbr="" short="" long="" />
  <book code="2ES" abbr="" short="" long="" />
  <book code="MAN" abbr="" short="" long="" />
  <book code="PS2" abbr="" short="" long="" />
  <book code="ODA" abbr="" short="" long="" />
  <book code="PSS" abbr="" short="" long="" />
  <book code="JSA" abbr="" short="" long="" />
  <book code="JDB" abbr="" short="" long="" />
  <book code="TBS" abbr="" short="" long="" />
  <book code="SST" abbr="" short="" long="" />
  <book code="DNT" abbr="" short="" long="" />
  <book code="BLT" abbr="" short="" long="" />
  <book code="XXA" abbr="" short="" long="" />
  <book code="XXB" abbr="" short="" long="" />
  <book code="XXC" abbr="" short="" long="" />
  <book code="XXD" abbr="" short="" long="" />
  <book code="XXE" abbr="" short="" long="" />
  <book code="XXF" abbr="" short="" long="" />
  <book code="XXG" abbr="" short="" long="" />
  <book code="FRT" abbr="" short="" long="" />
  <book code="BAK" abbr="" short="" long="" />
  <book code="OTH" abbr="" short="" long="" />
  <book code="3ES" abbr="" short="" long="" />
  <book code="EZA" abbr="" short="" long="" />
  <book code="5EZ" abbr="" short="" long="" />
  <book code="6EZ" abbr="" short="" long="" />
  <book code="INT" abbr="" short="" long="" />
  <book code="CNC" abbr="" short="" long="" />
  <book code="GLO" abbr="" short="" long="" />
  <book code="TDX" abbr="" short="" long="" />
  <book code="NDX" abbr="" short="" long="" />
  <book code="DAG" abbr="" short="" long="" />
  <book code="PS3" abbr="" short="" long="" />
  <book code="2BA" abbr="" short="" long="" />
  <book code="LBA" abbr="" short="" long="" />
  <book code="JUB" abbr="" short="" long="" />
  <book code="ENO" abbr="" short="" long="" />
  <book code="1MQ" abbr="" short="" long="" />
  <book code="2MQ" abbr="" short="" long="" />
  <book code="3MQ" abbr="" short="" long="" />
  <book code="REP" abbr="" short="" long="" />
  <book code="4BA" abbr="" short="" long="" />
  <book code="LAO" abbr="" short="" long="" />
</BookNames>