﻿<?xml version="1.0" encoding="utf-8"?>
<CheckingStatuses>
  <CheckingStatus>
    <BookName>MAT</BookName>
    <Check>Capitalization</Check>
    <MD5>ED529CA01F48E5F9DD1D8F6EBEB99893</MD5>
    <Date>2020-07-05T13:08:11.5699824+01:00</Date>
    <Errors>305</Errors>
    <DeniedErrors>0</DeniedErrors>
  </CheckingStatus>
  <CheckingStatus>
    <BookName>MAT</BookName>
    <Check>RepeatedWord</Check>
    <MD5>ED529CA01F48E5F9DD1D8F6EBEB99893</MD5>
    <Date>2020-07-05T13:08:11.6702309+01:00</Date>
    <Errors>4</Errors>
    <DeniedErrors>0</DeniedErrors>
  </CheckingStatus>
  <CheckingStatus>
    <BookName>MAT</BookName>
    <Check>Character</Check>
    <MD5>ED529CA01F48E5F9DD1D8F6EBEB99893</MD5>
    <Date>2020-07-05T13:08:11.7171007+01:00</Date>
    <Errors>3435</Errors>
    <DeniedErrors>0</DeniedErrors>
  </CheckingStatus>
  <CheckingStatus>
    <BookName>MAT</BookName>
    <Check>MatchedPairs</Check>
    <MD5>ED529CA01F48E5F9DD1D8F6EBEB99893</MD5>
    <Date>2020-07-05T13:08:11.7171007+01:00</Date>
    <Errors>0</Errors>
    <DeniedErrors>0</DeniedErrors>
  </CheckingStatus>
  <CheckingStatus>
    <BookName>MAT</BookName>
    <Check>Punctuation</Check>
    <MD5>ED529CA01F48E5F9DD1D8F6EBEB99893</MD5>
    <Date>2020-07-05T13:08:11.7704709+01:00</Date>
    <Errors>1865</Errors>
    <DeniedErrors>0</DeniedErrors>
  </CheckingStatus>
  <CheckingStatus>
    <BookName>MAT</BookName>
    <Check>Reference</Check>
    <MD5>ED529CA01F48E5F9DD1D8F6EBEB99893</MD5>
    <Date>2020-07-05T13:08:11.7704709+01:00</Date>
    <Errors>0</Errors>
    <DeniedErrors>0</DeniedErrors>
  </CheckingStatus>
  <CheckingStatus>
    <BookName>MAT</BookName>
    <Check>Numbers</Check>
    <MD5>ED529CA01F48E5F9DD1D8F6EBEB99893</MD5>
    <Date>2020-07-05T13:08:11.786097+01:00</Date>
    <Errors>0</Errors>
    <DeniedErrors>0</DeniedErrors>
  </CheckingStatus>
  <CheckingStatus>
    <BookName>MAT</BookName>
    <Check>QuotedText</Check>
    <MD5>ED529CA01F48E5F9DD1D8F6EBEB99893</MD5>
    <Date>2020-07-05T13:08:11.786097+01:00</Date>
    <Errors>0</Errors>
    <DeniedErrors>0</DeniedErrors>
  </CheckingStatus>
  <CheckingStatus>
    <BookName>MRK</BookName>
    <Check>Capitalization</Check>
    <MD5>8869D603E02949B075077EF26AB9CF3C</MD5>
    <Date>2020-07-05T13:08:11.8017214+01:00</Date>
    <Errors>218</Errors>
    <DeniedErrors>0</DeniedErrors>
  </CheckingStatus>
  <CheckingStatus>
    <BookName>MRK</BookName>
    <Check>RepeatedWord</Check>
    <MD5>8869D603E02949B075077EF26AB9CF3C</MD5>
    <Date>2020-07-05T13:08:11.8173422+01:00</Date>
    <Errors>4</Errors>
    <DeniedErrors>0</DeniedErrors>
  </CheckingStatus>
  <CheckingStatus>
    <BookName>MRK</BookName>
    <Check>Character</Check>
    <MD5>8869D603E02949B075077EF26AB9CF3C</MD5>
    <Date>2020-07-05T13:08:11.8329618+01:00</Date>
    <Errors>5001</Errors>
    <DeniedErrors>0</DeniedErrors>
  </CheckingStatus>
  <CheckingStatus>
    <BookName>MRK</BookName>
    <Check>MatchedPairs</Check>
    <MD5>8869D603E02949B075077EF26AB9CF3C</MD5>
    <Date>2020-07-05T13:08:11.8329618+01:00</Date>
    <Errors>0</Errors>
    <DeniedErrors>0</DeniedErrors>
  </CheckingStatus>
  <CheckingStatus>
    <BookName>MRK</BookName>
    <Check>Punctuation</Check>
    <MD5>8869D603E02949B075077EF26AB9CF3C</MD5>
    <Date>2020-07-05T13:08:11.8485868+01:00</Date>
    <Errors>1121</Errors>
    <DeniedErrors>0</DeniedErrors>
  </CheckingStatus>
  <CheckingStatus>
    <BookName>MRK</BookName>
    <Check>Reference</Check>
    <MD5>8869D603E02949B075077EF26AB9CF3C</MD5>
    <Date>2020-07-05T13:08:11.8642394+01:00</Date>
    <Errors>0</Errors>
    <DeniedErrors>0</DeniedErrors>
  </CheckingStatus>
  <CheckingStatus>
    <BookName>MRK</BookName>
    <Check>Numbers</Check>
    <MD5>8869D603E02949B075077EF26AB9CF3C</MD5>
    <Date>2020-07-05T13:08:11.9019913+01:00</Date>
    <Errors>3</Errors>
    <DeniedErrors>0</DeniedErrors>
  </CheckingStatus>
  <CheckingStatus>
    <BookName>MRK</BookName>
    <Check>QuotedText</Check>
    <MD5>8869D603E02949B075077EF26AB9CF3C</MD5>
    <Date>2020-07-05T13:08:11.9019913+01:00</Date>
    <Errors>0</Errors>
    <DeniedErrors>0</DeniedErrors>
  </CheckingStatus>
  <CheckingStatus>
    <BookName>LUK</BookName>
    <Check>Capitalization</Check>
    <MD5>F8E2EE8803AC6F86791A9B4CD89F30C8</MD5>
    <Date>2020-07-05T13:08:11.9488559+01:00</Date>
    <Errors>345</Errors>
    <DeniedErrors>0</DeniedErrors>
  </CheckingStatus>
  <CheckingStatus>
    <BookName>LUK</BookName>
    <Check>RepeatedWord</Check>
    <MD5>F8E2EE8803AC6F86791A9B4CD89F30C8</MD5>
    <Date>2020-07-05T13:08:11.9709869+01:00</Date>
    <Errors>6</Errors>
    <DeniedErrors>0</DeniedErrors>
  </CheckingStatus>
  <CheckingStatus>
    <BookName>LUK</BookName>
    <Check>MatchedPairs</Check>
    <MD5>F8E2EE8803AC6F86791A9B4CD89F30C8</MD5>
    <Date>2020-07-05T13:08:12.0178584+01:00</Date>
    <Errors>0</Errors>
    <DeniedErrors>0</DeniedErrors>
  </CheckingStatus>
  <CheckingStatus>
    <BookName>LUK</BookName>
    <Check>Punctuation</Check>
    <MD5>F8E2EE8803AC6F86791A9B4CD89F30C8</MD5>
    <Date>2020-07-05T13:08:12.0490982+01:00</Date>
    <Errors>1948</Errors>
    <DeniedErrors>0</DeniedErrors>
  </CheckingStatus>
  <CheckingStatus>
    <BookName>LUK</BookName>
    <Check>Reference</Check>
    <MD5>F8E2EE8803AC6F86791A9B4CD89F30C8</MD5>
    <Date>2020-07-05T13:08:12.0490982+01:00</Date>
    <Errors>0</Errors>
    <DeniedErrors>0</DeniedErrors>
  </CheckingStatus>
  <CheckingStatus>
    <BookName>LUK</BookName>
    <Check>Numbers</Check>
    <MD5>F8E2EE8803AC6F86791A9B4CD89F30C8</MD5>
    <Date>2020-07-05T13:08:12.0490982+01:00</Date>
    <Errors>2</Errors>
    <DeniedErrors>0</DeniedErrors>
  </CheckingStatus>
  <CheckingStatus>
    <BookName>LUK</BookName>
    <Check>QuotedText</Check>
    <MD5>F8E2EE8803AC6F86791A9B4CD89F30C8</MD5>
    <Date>2020-07-05T13:08:12.0490982+01:00</Date>
    <Errors>0</Errors>
    <DeniedErrors>0</DeniedErrors>
  </CheckingStatus>
  <CheckingStatus>
    <BookName>JHN</BookName>
    <Check>Capitalization</Check>
    <MD5>06B622FFD33B0F6F88064F2017011D3D</MD5>
    <Date>2020-07-05T13:08:12.0712613+01:00</Date>
    <Errors>331</Errors>
    <DeniedErrors>0</DeniedErrors>
  </CheckingStatus>
  <CheckingStatus>
    <BookName>JHN</BookName>
    <Check>RepeatedWord</Check>
    <MD5>06B622FFD33B0F6F88064F2017011D3D</MD5>
    <Date>2020-07-05T13:08:12.1025093+01:00</Date>
    <Errors>27</Errors>
    <DeniedErrors>0</DeniedErrors>
  </CheckingStatus>
  <CheckingStatus>
    <BookName>JHN</BookName>
    <Check>MatchedPairs</Check>
    <MD5>06B622FFD33B0F6F88064F2017011D3D</MD5>
    <Date>2020-07-05T13:08:12.1337855+01:00</Date>
    <Errors>0</Errors>
    <DeniedErrors>0</DeniedErrors>
  </CheckingStatus>
  <CheckingStatus>
    <BookName>JHN</BookName>
    <Check>Punctuation</Check>
    <MD5>06B622FFD33B0F6F88064F2017011D3D</MD5>
    <Date>2020-07-05T13:08:12.1337855+01:00</Date>
    <Errors>5001</Errors>
    <DeniedErrors>0</DeniedErrors>
  </CheckingStatus>
  <CheckingStatus>
    <BookName>JHN</BookName>
    <Check>Reference</Check>
    <MD5>06B622FFD33B0F6F88064F2017011D3D</MD5>
    <Date>2020-07-05T13:08:12.1337855+01:00</Date>
    <Errors>0</Errors>
    <DeniedErrors>0</DeniedErrors>
  </CheckingStatus>
  <CheckingStatus>
    <BookName>JHN</BookName>
    <Check>Numbers</Check>
    <MD5>06B622FFD33B0F6F88064F2017011D3D</MD5>
    <Date>2020-07-05T13:08:12.1650267+01:00</Date>
    <Errors>0</Errors>
    <DeniedErrors>0</DeniedErrors>
  </CheckingStatus>
  <CheckingStatus>
    <BookName>JHN</BookName>
    <Check>QuotedText</Check>
    <MD5>06B622FFD33B0F6F88064F2017011D3D</MD5>
    <Date>2020-07-05T13:08:12.1650267+01:00</Date>
    <Errors>0</Errors>
    <DeniedErrors>0</DeniedErrors>
  </CheckingStatus>
  <CheckingStatus>
    <BookName>ACT</BookName>
    <Check>Capitalization</Check>
    <MD5>95B5396521A1B23A4C7416796E1555B2</MD5>
    <Date>2020-07-05T13:08:12.1872272+01:00</Date>
    <Errors>299</Errors>
    <DeniedErrors>0</DeniedErrors>
  </CheckingStatus>
  <CheckingStatus>
    <BookName>ACT</BookName>
    <Check>RepeatedWord</Check>
    <MD5>95B5396521A1B23A4C7416796E1555B2</MD5>
    <Date>2020-07-05T13:08:12.2028488+01:00</Date>
    <Errors>0</Errors>
    <DeniedErrors>0</DeniedErrors>
  </CheckingStatus>
  <CheckingStatus>
    <BookName>ACT</BookName>
    <Check>MatchedPairs</Check>
    <MD5>95B5396521A1B23A4C7416796E1555B2</MD5>
    <Date>2020-07-05T13:08:12.2497091+01:00</Date>
    <Errors>0</Errors>
    <DeniedErrors>0</DeniedErrors>
  </CheckingStatus>
  <CheckingStatus>
    <BookName>ACT</BookName>
    <Check>Reference</Check>
    <MD5>95B5396521A1B23A4C7416796E1555B2</MD5>
    <Date>2020-07-05T13:08:12.2497091+01:00</Date>
    <Errors>0</Errors>
    <DeniedErrors>0</DeniedErrors>
  </CheckingStatus>
  <CheckingStatus>
    <BookName>ACT</BookName>
    <Check>Numbers</Check>
    <MD5>95B5396521A1B23A4C7416796E1555B2</MD5>
    <Date>2020-07-05T13:08:12.3041809+01:00</Date>
    <Errors>4</Errors>
    <DeniedErrors>0</DeniedErrors>
  </CheckingStatus>
  <CheckingStatus>
    <BookName>ACT</BookName>
    <Check>QuotedText</Check>
    <MD5>95B5396521A1B23A4C7416796E1555B2</MD5>
    <Date>2020-07-05T13:08:12.3041809+01:00</Date>
    <Errors>0</Errors>
    <DeniedErrors>0</DeniedErrors>
  </CheckingStatus>
  <CheckingStatus>
    <BookName>ROM</BookName>
    <Check>Capitalization</Check>
    <MD5>99E5147CDD78E76D539DE26D17BD18ED</MD5>
    <Date>2020-07-05T13:08:12.3122238+01:00</Date>
    <Errors>117</Errors>
    <DeniedErrors>0</DeniedErrors>
  </CheckingStatus>
  <CheckingStatus>
    <BookName>ROM</BookName>
    <Check>RepeatedWord</Check>
    <MD5>99E5147CDD78E76D539DE26D17BD18ED</MD5>
    <Date>2020-07-05T13:08:12.324397+01:00</Date>
    <Errors>1</Errors>
    <DeniedErrors>0</DeniedErrors>
  </CheckingStatus>
  <CheckingStatus>
    <BookName>ROM</BookName>
    <Check>MatchedPairs</Check>
    <MD5>99E5147CDD78E76D539DE26D17BD18ED</MD5>
    <Date>2020-07-05T13:08:12.3445673+01:00</Date>
    <Errors>0</Errors>
    <DeniedErrors>0</DeniedErrors>
  </CheckingStatus>
  <CheckingStatus>
    <BookName>ROM</BookName>
    <Check>Reference</Check>
    <MD5>99E5147CDD78E76D539DE26D17BD18ED</MD5>
    <Date>2020-07-05T13:08:12.3445673+01:00</Date>
    <Errors>0</Errors>
    <DeniedErrors>0</DeniedErrors>
  </CheckingStatus>
  <CheckingStatus>
    <BookName>ROM</BookName>
    <Check>Numbers</Check>
    <MD5>99E5147CDD78E76D539DE26D17BD18ED</MD5>
    <Date>2020-07-05T13:08:12.3445673+01:00</Date>
    <Errors>0</Errors>
    <DeniedErrors>0</DeniedErrors>
  </CheckingStatus>
  <CheckingStatus>
    <BookName>ROM</BookName>
    <Check>QuotedText</Check>
    <MD5>99E5147CDD78E76D539DE26D17BD18ED</MD5>
    <Date>2020-07-05T13:08:12.3445673+01:00</Date>
    <Errors>0</Errors>
    <DeniedErrors>0</DeniedErrors>
  </CheckingStatus>
  <CheckingStatus>
    <BookName>1CO</BookName>
    <Check>Capitalization</Check>
    <MD5>E50FA923BFF566DD0A286F824A71DD01</MD5>
    <Date>2020-07-05T13:08:12.3627394+01:00</Date>
    <Errors>139</Errors>
    <DeniedErrors>0</DeniedErrors>
  </CheckingStatus>
  <CheckingStatus>
    <BookName>1CO</BookName>
    <Check>RepeatedWord</Check>
    <MD5>E50FA923BFF566DD0A286F824A71DD01</MD5>
    <Date>2020-07-05T13:08:12.3747975+01:00</Date>
    <Errors>0</Errors>
    <DeniedErrors>0</DeniedErrors>
  </CheckingStatus>
  <CheckingStatus>
    <BookName>1CO</BookName>
    <Check>MatchedPairs</Check>
    <MD5>E50FA923BFF566DD0A286F824A71DD01</MD5>
    <Date>2020-07-05T13:08:12.3849596+01:00</Date>
    <Errors>0</Errors>
    <DeniedErrors>0</DeniedErrors>
  </CheckingStatus>
  <CheckingStatus>
    <BookName>1CO</BookName>
    <Check>Reference</Check>
    <MD5>E50FA923BFF566DD0A286F824A71DD01</MD5>
    <Date>2020-07-05T13:08:12.3930096+01:00</Date>
    <Errors>0</Errors>
    <DeniedErrors>0</DeniedErrors>
  </CheckingStatus>
  <CheckingStatus>
    <BookName>1CO</BookName>
    <Check>Numbers</Check>
    <MD5>E50FA923BFF566DD0A286F824A71DD01</MD5>
    <Date>2020-07-05T13:08:12.4052031+01:00</Date>
    <Errors>0</Errors>
    <DeniedErrors>0</DeniedErrors>
  </CheckingStatus>
  <CheckingStatus>
    <BookName>1CO</BookName>
    <Check>QuotedText</Check>
    <MD5>E50FA923BFF566DD0A286F824A71DD01</MD5>
    <Date>2020-07-05T13:08:12.4052031+01:00</Date>
    <Errors>0</Errors>
    <DeniedErrors>0</DeniedErrors>
  </CheckingStatus>
  <CheckingStatus>
    <BookName>2CO</BookName>
    <Check>Capitalization</Check>
    <MD5>BDBB1EB36B5D972AA85D9BAD00C61C7F</MD5>
    <Date>2020-07-05T13:08:12.4132468+01:00</Date>
    <Errors>93</Errors>
    <DeniedErrors>0</DeniedErrors>
  </CheckingStatus>
  <CheckingStatus>
    <BookName>2CO</BookName>
    <Check>RepeatedWord</Check>
    <MD5>BDBB1EB36B5D972AA85D9BAD00C61C7F</MD5>
    <Date>2020-07-05T13:08:12.4132468+01:00</Date>
    <Errors>2</Errors>
    <DeniedErrors>0</DeniedErrors>
  </CheckingStatus>
  <CheckingStatus>
    <BookName>2CO</BookName>
    <Check>MatchedPairs</Check>
    <MD5>BDBB1EB36B5D972AA85D9BAD00C61C7F</MD5>
    <Date>2020-07-05T13:08:12.4254031+01:00</Date>
    <Errors>0</Errors>
    <DeniedErrors>0</DeniedErrors>
  </CheckingStatus>
  <CheckingStatus>
    <BookName>2CO</BookName>
    <Check>Reference</Check>
    <MD5>BDBB1EB36B5D972AA85D9BAD00C61C7F</MD5>
    <Date>2020-07-05T13:08:12.4354869+01:00</Date>
    <Errors>0</Errors>
    <DeniedErrors>0</DeniedErrors>
  </CheckingStatus>
  <CheckingStatus>
    <BookName>2CO</BookName>
    <Check>Numbers</Check>
    <MD5>BDBB1EB36B5D972AA85D9BAD00C61C7F</MD5>
    <Date>2020-07-05T13:08:12.4354869+01:00</Date>
    <Errors>0</Errors>
    <DeniedErrors>0</DeniedErrors>
  </CheckingStatus>
  <CheckingStatus>
    <BookName>2CO</BookName>
    <Check>QuotedText</Check>
    <MD5>BDBB1EB36B5D972AA85D9BAD00C61C7F</MD5>
    <Date>2020-07-05T13:08:12.4354869+01:00</Date>
    <Errors>0</Errors>
    <DeniedErrors>0</DeniedErrors>
  </CheckingStatus>
  <CheckingStatus>
    <BookName>GAL</BookName>
    <Check>Capitalization</Check>
    <MD5>F06BC5FB30A85439492523016CD641A8</MD5>
    <Date>2020-07-05T13:08:12.4354869+01:00</Date>
    <Errors>44</Errors>
    <DeniedErrors>0</DeniedErrors>
  </CheckingStatus>
  <CheckingStatus>
    <BookName>GAL</BookName>
    <Check>RepeatedWord</Check>
    <MD5>F06BC5FB30A85439492523016CD641A8</MD5>
    <Date>2020-07-05T13:08:12.4354869+01:00</Date>
    <Errors>0</Errors>
    <DeniedErrors>0</DeniedErrors>
  </CheckingStatus>
  <CheckingStatus>
    <BookName>GAL</BookName>
    <Check>MatchedPairs</Check>
    <MD5>F06BC5FB30A85439492523016CD641A8</MD5>
    <Date>2020-07-05T13:08:12.4435929+01:00</Date>
    <Errors>0</Errors>
    <DeniedErrors>0</DeniedErrors>
  </CheckingStatus>
  <CheckingStatus>
    <BookName>GAL</BookName>
    <Check>Reference</Check>
    <MD5>F06BC5FB30A85439492523016CD641A8</MD5>
    <Date>2020-07-05T13:08:12.4435929+01:00</Date>
    <Errors>0</Errors>
    <DeniedErrors>0</DeniedErrors>
  </CheckingStatus>
  <CheckingStatus>
    <BookName>GAL</BookName>
    <Check>Numbers</Check>
    <MD5>F06BC5FB30A85439492523016CD641A8</MD5>
    <Date>2020-07-05T13:08:12.4435929+01:00</Date>
    <Errors>0</Errors>
    <DeniedErrors>0</DeniedErrors>
  </CheckingStatus>
  <CheckingStatus>
    <BookName>GAL</BookName>
    <Check>QuotedText</Check>
    <MD5>F06BC5FB30A85439492523016CD641A8</MD5>
    <Date>2020-07-05T13:08:12.4435929+01:00</Date>
    <Errors>0</Errors>
    <DeniedErrors>0</DeniedErrors>
  </CheckingStatus>
  <CheckingStatus>
    <BookName>EPH</BookName>
    <Check>Capitalization</Check>
    <MD5>D4A88BA1710CEFE1A34EBDAC7A6155FC</MD5>
    <Date>2020-07-05T13:08:12.4536377+01:00</Date>
    <Errors>21</Errors>
    <DeniedErrors>0</DeniedErrors>
  </CheckingStatus>
  <CheckingStatus>
    <BookName>EPH</BookName>
    <Check>RepeatedWord</Check>
    <MD5>D4A88BA1710CEFE1A34EBDAC7A6155FC</MD5>
    <Date>2020-07-05T13:08:12.4536377+01:00</Date>
    <Errors>0</Errors>
    <DeniedErrors>0</DeniedErrors>
  </CheckingStatus>
  <CheckingStatus>
    <BookName>EPH</BookName>
    <Check>MatchedPairs</Check>
    <MD5>D4A88BA1710CEFE1A34EBDAC7A6155FC</MD5>
    <Date>2020-07-05T13:08:12.4536377+01:00</Date>
    <Errors>0</Errors>
    <DeniedErrors>0</DeniedErrors>
  </CheckingStatus>
  <CheckingStatus>
    <BookName>EPH</BookName>
    <Check>Reference</Check>
    <MD5>D4A88BA1710CEFE1A34EBDAC7A6155FC</MD5>
    <Date>2020-07-05T13:08:12.4536377+01:00</Date>
    <Errors>0</Errors>
    <DeniedErrors>0</DeniedErrors>
  </CheckingStatus>
  <CheckingStatus>
    <BookName>EPH</BookName>
    <Check>Numbers</Check>
    <MD5>D4A88BA1710CEFE1A34EBDAC7A6155FC</MD5>
    <Date>2020-07-05T13:08:12.4536377+01:00</Date>
    <Errors>0</Errors>
    <DeniedErrors>0</DeniedErrors>
  </CheckingStatus>
  <CheckingStatus>
    <BookName>EPH</BookName>
    <Check>QuotedText</Check>
    <MD5>D4A88BA1710CEFE1A34EBDAC7A6155FC</MD5>
    <Date>2020-07-05T13:08:12.4536377+01:00</Date>
    <Errors>0</Errors>
    <DeniedErrors>0</DeniedErrors>
  </CheckingStatus>
  <CheckingStatus>
    <BookName>PHP</BookName>
    <Check>Capitalization</Check>
    <MD5>1AF0B41FF5F12579CADDA9EFF3B9167D</MD5>
    <Date>2020-07-05T13:08:12.4693028+01:00</Date>
    <Errors>23</Errors>
    <DeniedErrors>0</DeniedErrors>
  </CheckingStatus>
  <CheckingStatus>
    <BookName>PHP</BookName>
    <Check>RepeatedWord</Check>
    <MD5>1AF0B41FF5F12579CADDA9EFF3B9167D</MD5>
    <Date>2020-07-05T13:08:12.4693028+01:00</Date>
    <Errors>0</Errors>
    <DeniedErrors>0</DeniedErrors>
  </CheckingStatus>
  <CheckingStatus>
    <BookName>PHP</BookName>
    <Check>MatchedPairs</Check>
    <MD5>1AF0B41FF5F12579CADDA9EFF3B9167D</MD5>
    <Date>2020-07-05T13:08:12.4693028+01:00</Date>
    <Errors>0</Errors>
    <DeniedErrors>0</DeniedErrors>
  </CheckingStatus>
  <CheckingStatus>
    <BookName>PHP</BookName>
    <Check>Reference</Check>
    <MD5>1AF0B41FF5F12579CADDA9EFF3B9167D</MD5>
    <Date>2020-07-05T13:08:12.4693028+01:00</Date>
    <Errors>0</Errors>
    <DeniedErrors>0</DeniedErrors>
  </CheckingStatus>
  <CheckingStatus>
    <BookName>PHP</BookName>
    <Check>Numbers</Check>
    <MD5>1AF0B41FF5F12579CADDA9EFF3B9167D</MD5>
    <Date>2020-07-05T13:08:12.4693028+01:00</Date>
    <Errors>0</Errors>
    <DeniedErrors>0</DeniedErrors>
  </CheckingStatus>
  <CheckingStatus>
    <BookName>PHP</BookName>
    <Check>QuotedText</Check>
    <MD5>1AF0B41FF5F12579CADDA9EFF3B9167D</MD5>
    <Date>2020-07-05T13:08:12.4693028+01:00</Date>
    <Errors>0</Errors>
    <DeniedErrors>0</DeniedErrors>
  </CheckingStatus>
  <CheckingStatus>
    <BookName>COL</BookName>
    <Check>Capitalization</Check>
    <MD5>3C9E9D5BF33320431EFC8B691E147E86</MD5>
    <Date>2020-07-05T13:08:12.4693028+01:00</Date>
    <Errors>12</Errors>
    <DeniedErrors>0</DeniedErrors>
  </CheckingStatus>
  <CheckingStatus>
    <BookName>COL</BookName>
    <Check>RepeatedWord</Check>
    <MD5>3C9E9D5BF33320431EFC8B691E147E86</MD5>
    <Date>2020-07-05T13:08:12.4693028+01:00</Date>
    <Errors>0</Errors>
    <DeniedErrors>0</DeniedErrors>
  </CheckingStatus>
  <CheckingStatus>
    <BookName>COL</BookName>
    <Check>MatchedPairs</Check>
    <MD5>3C9E9D5BF33320431EFC8B691E147E86</MD5>
    <Date>2020-07-05T13:08:12.4849171+01:00</Date>
    <Errors>0</Errors>
    <DeniedErrors>0</DeniedErrors>
  </CheckingStatus>
  <CheckingStatus>
    <BookName>COL</BookName>
    <Check>Reference</Check>
    <MD5>3C9E9D5BF33320431EFC8B691E147E86</MD5>
    <Date>2020-07-05T13:08:12.4849171+01:00</Date>
    <Errors>0</Errors>
    <DeniedErrors>0</DeniedErrors>
  </CheckingStatus>
  <CheckingStatus>
    <BookName>COL</BookName>
    <Check>Numbers</Check>
    <MD5>3C9E9D5BF33320431EFC8B691E147E86</MD5>
    <Date>2020-07-05T13:08:12.4849171+01:00</Date>
    <Errors>0</Errors>
    <DeniedErrors>0</DeniedErrors>
  </CheckingStatus>
  <CheckingStatus>
    <BookName>COL</BookName>
    <Check>QuotedText</Check>
    <MD5>3C9E9D5BF33320431EFC8B691E147E86</MD5>
    <Date>2020-07-05T13:08:12.4849171+01:00</Date>
    <Errors>0</Errors>
    <DeniedErrors>0</DeniedErrors>
  </CheckingStatus>
  <CheckingStatus>
    <BookName>1TH</BookName>
    <Check>Capitalization</Check>
    <MD5>E59B9E16EEA4765F4058BFB145E84A05</MD5>
    <Date>2020-07-05T13:08:12.4849171+01:00</Date>
    <Errors>22</Errors>
    <DeniedErrors>0</DeniedErrors>
  </CheckingStatus>
  <CheckingStatus>
    <BookName>1TH</BookName>
    <Check>RepeatedWord</Check>
    <MD5>E59B9E16EEA4765F4058BFB145E84A05</MD5>
    <Date>2020-07-05T13:08:12.4849171+01:00</Date>
    <Errors>0</Errors>
    <DeniedErrors>0</DeniedErrors>
  </CheckingStatus>
  <CheckingStatus>
    <BookName>1TH</BookName>
    <Check>MatchedPairs</Check>
    <MD5>E59B9E16EEA4765F4058BFB145E84A05</MD5>
    <Date>2020-07-05T13:08:12.4849171+01:00</Date>
    <Errors>0</Errors>
    <DeniedErrors>0</DeniedErrors>
  </CheckingStatus>
  <CheckingStatus>
    <BookName>1TH</BookName>
    <Check>Reference</Check>
    <MD5>E59B9E16EEA4765F4058BFB145E84A05</MD5>
    <Date>2020-07-05T13:08:12.4849171+01:00</Date>
    <Errors>0</Errors>
    <DeniedErrors>0</DeniedErrors>
  </CheckingStatus>
  <CheckingStatus>
    <BookName>1TH</BookName>
    <Check>Numbers</Check>
    <MD5>E59B9E16EEA4765F4058BFB145E84A05</MD5>
    <Date>2020-07-05T13:08:12.4849171+01:00</Date>
    <Errors>0</Errors>
    <DeniedErrors>0</DeniedErrors>
  </CheckingStatus>
  <CheckingStatus>
    <BookName>1TH</BookName>
    <Check>QuotedText</Check>
    <MD5>E59B9E16EEA4765F4058BFB145E84A05</MD5>
    <Date>2020-07-05T13:08:12.4849171+01:00</Date>
    <Errors>0</Errors>
    <DeniedErrors>0</DeniedErrors>
  </CheckingStatus>
  <CheckingStatus>
    <BookName>2TH</BookName>
    <Check>Capitalization</Check>
    <MD5>D79AD3ADD0CED4697D713F4E35A9CB48</MD5>
    <Date>2020-07-05T13:08:12.5005389+01:00</Date>
    <Errors>9</Errors>
    <DeniedErrors>0</DeniedErrors>
  </CheckingStatus>
  <CheckingStatus>
    <BookName>2TH</BookName>
    <Check>RepeatedWord</Check>
    <MD5>D79AD3ADD0CED4697D713F4E35A9CB48</MD5>
    <Date>2020-07-05T13:08:12.5005389+01:00</Date>
    <Errors>0</Errors>
    <DeniedErrors>0</DeniedErrors>
  </CheckingStatus>
  <CheckingStatus>
    <BookName>2TH</BookName>
    <Check>MatchedPairs</Check>
    <MD5>D79AD3ADD0CED4697D713F4E35A9CB48</MD5>
    <Date>2020-07-05T13:08:12.5005389+01:00</Date>
    <Errors>0</Errors>
    <DeniedErrors>0</DeniedErrors>
  </CheckingStatus>
  <CheckingStatus>
    <BookName>2TH</BookName>
    <Check>Reference</Check>
    <MD5>D79AD3ADD0CED4697D713F4E35A9CB48</MD5>
    <Date>2020-07-05T13:08:12.5005389+01:00</Date>
    <Errors>0</Errors>
    <DeniedErrors>0</DeniedErrors>
  </CheckingStatus>
  <CheckingStatus>
    <BookName>2TH</BookName>
    <Check>Numbers</Check>
    <MD5>D79AD3ADD0CED4697D713F4E35A9CB48</MD5>
    <Date>2020-07-05T13:08:12.5005389+01:00</Date>
    <Errors>0</Errors>
    <DeniedErrors>0</DeniedErrors>
  </CheckingStatus>
  <CheckingStatus>
    <BookName>2TH</BookName>
    <Check>QuotedText</Check>
    <MD5>D79AD3ADD0CED4697D713F4E35A9CB48</MD5>
    <Date>2020-07-05T13:08:12.5005389+01:00</Date>
    <Errors>0</Errors>
    <DeniedErrors>0</DeniedErrors>
  </CheckingStatus>
  <CheckingStatus>
    <BookName>1TI</BookName>
    <Check>Capitalization</Check>
    <MD5>640106DB1F86071EE35395A3DE7FECC1</MD5>
    <Date>2020-07-05T13:08:12.5005389+01:00</Date>
    <Errors>23</Errors>
    <DeniedErrors>0</DeniedErrors>
  </CheckingStatus>
  <CheckingStatus>
    <BookName>1TI</BookName>
    <Check>RepeatedWord</Check>
    <MD5>640106DB1F86071EE35395A3DE7FECC1</MD5>
    <Date>2020-07-05T13:08:12.5005389+01:00</Date>
    <Errors>0</Errors>
    <DeniedErrors>0</DeniedErrors>
  </CheckingStatus>
  <CheckingStatus>
    <BookName>1TI</BookName>
    <Check>MatchedPairs</Check>
    <MD5>640106DB1F86071EE35395A3DE7FECC1</MD5>
    <Date>2020-07-05T13:08:12.5005389+01:00</Date>
    <Errors>0</Errors>
    <DeniedErrors>0</DeniedErrors>
  </CheckingStatus>
  <CheckingStatus>
    <BookName>1TI</BookName>
    <Check>Reference</Check>
    <MD5>640106DB1F86071EE35395A3DE7FECC1</MD5>
    <Date>2020-07-05T13:08:12.5005389+01:00</Date>
    <Errors>0</Errors>
    <DeniedErrors>0</DeniedErrors>
  </CheckingStatus>
  <CheckingStatus>
    <BookName>1TI</BookName>
    <Check>Numbers</Check>
    <MD5>640106DB1F86071EE35395A3DE7FECC1</MD5>
    <Date>2020-07-05T13:08:12.5005389+01:00</Date>
    <Errors>0</Errors>
    <DeniedErrors>0</DeniedErrors>
  </CheckingStatus>
  <CheckingStatus>
    <BookName>1TI</BookName>
    <Check>QuotedText</Check>
    <MD5>640106DB1F86071EE35395A3DE7FECC1</MD5>
    <Date>2020-07-05T13:08:12.5005389+01:00</Date>
    <Errors>0</Errors>
    <DeniedErrors>0</DeniedErrors>
  </CheckingStatus>
  <CheckingStatus>
    <BookName>2TI</BookName>
    <Check>Capitalization</Check>
    <MD5>6D1B4890E15FBC43E32C262D293EE5B3</MD5>
    <Date>2020-07-05T13:08:12.5161593+01:00</Date>
    <Errors>18</Errors>
    <DeniedErrors>0</DeniedErrors>
  </CheckingStatus>
  <CheckingStatus>
    <BookName>2TI</BookName>
    <Check>RepeatedWord</Check>
    <MD5>6D1B4890E15FBC43E32C262D293EE5B3</MD5>
    <Date>2020-07-05T13:08:12.5161593+01:00</Date>
    <Errors>0</Errors>
    <DeniedErrors>0</DeniedErrors>
  </CheckingStatus>
  <CheckingStatus>
    <BookName>2TI</BookName>
    <Check>MatchedPairs</Check>
    <MD5>6D1B4890E15FBC43E32C262D293EE5B3</MD5>
    <Date>2020-07-05T13:08:12.5161593+01:00</Date>
    <Errors>0</Errors>
    <DeniedErrors>0</DeniedErrors>
  </CheckingStatus>
  <CheckingStatus>
    <BookName>2TI</BookName>
    <Check>Reference</Check>
    <MD5>6D1B4890E15FBC43E32C262D293EE5B3</MD5>
    <Date>2020-07-05T13:08:12.5161593+01:00</Date>
    <Errors>0</Errors>
    <DeniedErrors>0</DeniedErrors>
  </CheckingStatus>
  <CheckingStatus>
    <BookName>2TI</BookName>
    <Check>Numbers</Check>
    <MD5>6D1B4890E15FBC43E32C262D293EE5B3</MD5>
    <Date>2020-07-05T13:08:12.5161593+01:00</Date>
    <Errors>0</Errors>
    <DeniedErrors>0</DeniedErrors>
  </CheckingStatus>
  <CheckingStatus>
    <BookName>2TI</BookName>
    <Check>QuotedText</Check>
    <MD5>6D1B4890E15FBC43E32C262D293EE5B3</MD5>
    <Date>2020-07-05T13:08:12.5161593+01:00</Date>
    <Errors>0</Errors>
    <DeniedErrors>0</DeniedErrors>
  </CheckingStatus>
  <CheckingStatus>
    <BookName>TIT</BookName>
    <Check>Capitalization</Check>
    <MD5>308F6750AA75CCCEF82FD49E418BC24E</MD5>
    <Date>2020-07-05T13:08:12.5161593+01:00</Date>
    <Errors>4</Errors>
    <DeniedErrors>0</DeniedErrors>
  </CheckingStatus>
  <CheckingStatus>
    <BookName>TIT</BookName>
    <Check>RepeatedWord</Check>
    <MD5>308F6750AA75CCCEF82FD49E418BC24E</MD5>
    <Date>2020-07-05T13:08:12.5161593+01:00</Date>
    <Errors>0</Errors>
    <DeniedErrors>0</DeniedErrors>
  </CheckingStatus>
  <CheckingStatus>
    <BookName>TIT</BookName>
    <Check>MatchedPairs</Check>
    <MD5>308F6750AA75CCCEF82FD49E418BC24E</MD5>
    <Date>2020-07-05T13:08:12.5161593+01:00</Date>
    <Errors>0</Errors>
    <DeniedErrors>0</DeniedErrors>
  </CheckingStatus>
  <CheckingStatus>
    <BookName>TIT</BookName>
    <Check>Reference</Check>
    <MD5>308F6750AA75CCCEF82FD49E418BC24E</MD5>
    <Date>2020-07-05T13:08:12.5161593+01:00</Date>
    <Errors>0</Errors>
    <DeniedErrors>0</DeniedErrors>
  </CheckingStatus>
  <CheckingStatus>
    <BookName>TIT</BookName>
    <Check>Numbers</Check>
    <MD5>308F6750AA75CCCEF82FD49E418BC24E</MD5>
    <Date>2020-07-05T13:08:12.5161593+01:00</Date>
    <Errors>0</Errors>
    <DeniedErrors>0</DeniedErrors>
  </CheckingStatus>
  <CheckingStatus>
    <BookName>TIT</BookName>
    <Check>QuotedText</Check>
    <MD5>308F6750AA75CCCEF82FD49E418BC24E</MD5>
    <Date>2020-07-05T13:08:12.5161593+01:00</Date>
    <Errors>0</Errors>
    <DeniedErrors>0</DeniedErrors>
  </CheckingStatus>
  <CheckingStatus>
    <BookName>PHM</BookName>
    <Check>Capitalization</Check>
    <MD5>7F3C259E7686B7B462C5ADC66239057B</MD5>
    <Date>2020-07-05T13:08:12.5161593+01:00</Date>
    <Errors>5</Errors>
    <DeniedErrors>0</DeniedErrors>
  </CheckingStatus>
  <CheckingStatus>
    <BookName>PHM</BookName>
    <Check>RepeatedWord</Check>
    <MD5>7F3C259E7686B7B462C5ADC66239057B</MD5>
    <Date>2020-07-05T13:08:12.5161593+01:00</Date>
    <Errors>0</Errors>
    <DeniedErrors>0</DeniedErrors>
  </CheckingStatus>
  <CheckingStatus>
    <BookName>PHM</BookName>
    <Check>MatchedPairs</Check>
    <MD5>7F3C259E7686B7B462C5ADC66239057B</MD5>
    <Date>2020-07-05T13:08:12.5161593+01:00</Date>
    <Errors>0</Errors>
    <DeniedErrors>0</DeniedErrors>
  </CheckingStatus>
  <CheckingStatus>
    <BookName>PHM</BookName>
    <Check>Reference</Check>
    <MD5>7F3C259E7686B7B462C5ADC66239057B</MD5>
    <Date>2020-07-05T13:08:12.5161593+01:00</Date>
    <Errors>0</Errors>
    <DeniedErrors>0</DeniedErrors>
  </CheckingStatus>
  <CheckingStatus>
    <BookName>PHM</BookName>
    <Check>Numbers</Check>
    <MD5>7F3C259E7686B7B462C5ADC66239057B</MD5>
    <Date>2020-07-05T13:08:12.5161593+01:00</Date>
    <Errors>0</Errors>
    <DeniedErrors>0</DeniedErrors>
  </CheckingStatus>
  <CheckingStatus>
    <BookName>PHM</BookName>
    <Check>QuotedText</Check>
    <MD5>7F3C259E7686B7B462C5ADC66239057B</MD5>
    <Date>2020-07-05T13:08:12.5161593+01:00</Date>
    <Errors>0</Errors>
    <DeniedErrors>0</DeniedErrors>
  </CheckingStatus>
  <CheckingStatus>
    <BookName>HEB</BookName>
    <Check>Capitalization</Check>
    <MD5>B3FFEBD06899B2887C94E088EB776763</MD5>
    <Date>2020-07-05T13:08:12.5317813+01:00</Date>
    <Errors>64</Errors>
    <DeniedErrors>0</DeniedErrors>
  </CheckingStatus>
  <CheckingStatus>
    <BookName>HEB</BookName>
    <Check>RepeatedWord</Check>
    <MD5>B3FFEBD06899B2887C94E088EB776763</MD5>
    <Date>2020-07-05T13:08:12.5317813+01:00</Date>
    <Errors>2</Errors>
    <DeniedErrors>0</DeniedErrors>
  </CheckingStatus>
  <CheckingStatus>
    <BookName>HEB</BookName>
    <Check>MatchedPairs</Check>
    <MD5>B3FFEBD06899B2887C94E088EB776763</MD5>
    <Date>2020-07-05T13:08:12.5474026+01:00</Date>
    <Errors>0</Errors>
    <DeniedErrors>0</DeniedErrors>
  </CheckingStatus>
  <CheckingStatus>
    <BookName>HEB</BookName>
    <Check>Reference</Check>
    <MD5>B3FFEBD06899B2887C94E088EB776763</MD5>
    <Date>2020-07-05T13:08:12.5539445+01:00</Date>
    <Errors>0</Errors>
    <DeniedErrors>0</DeniedErrors>
  </CheckingStatus>
  <CheckingStatus>
    <BookName>HEB</BookName>
    <Check>Numbers</Check>
    <MD5>B3FFEBD06899B2887C94E088EB776763</MD5>
    <Date>2020-07-05T13:08:12.5539445+01:00</Date>
    <Errors>0</Errors>
    <DeniedErrors>0</DeniedErrors>
  </CheckingStatus>
  <CheckingStatus>
    <BookName>HEB</BookName>
    <Check>QuotedText</Check>
    <MD5>B3FFEBD06899B2887C94E088EB776763</MD5>
    <Date>2020-07-05T13:08:12.5539445+01:00</Date>
    <Errors>0</Errors>
    <DeniedErrors>0</DeniedErrors>
  </CheckingStatus>
  <CheckingStatus>
    <BookName>JAS</BookName>
    <Check>Capitalization</Check>
    <MD5>AAD3BB8D19FAC79FDEF36CE685321784</MD5>
    <Date>2020-07-05T13:08:12.5539445+01:00</Date>
    <Errors>46</Errors>
    <DeniedErrors>0</DeniedErrors>
  </CheckingStatus>
  <CheckingStatus>
    <BookName>JAS</BookName>
    <Check>RepeatedWord</Check>
    <MD5>AAD3BB8D19FAC79FDEF36CE685321784</MD5>
    <Date>2020-07-05T13:08:12.5539445+01:00</Date>
    <Errors>0</Errors>
    <DeniedErrors>0</DeniedErrors>
  </CheckingStatus>
  <CheckingStatus>
    <BookName>JAS</BookName>
    <Check>MatchedPairs</Check>
    <MD5>AAD3BB8D19FAC79FDEF36CE685321784</MD5>
    <Date>2020-07-05T13:08:12.5696053+01:00</Date>
    <Errors>0</Errors>
    <DeniedErrors>0</DeniedErrors>
  </CheckingStatus>
  <CheckingStatus>
    <BookName>JAS</BookName>
    <Check>Reference</Check>
    <MD5>AAD3BB8D19FAC79FDEF36CE685321784</MD5>
    <Date>2020-07-05T13:08:12.5696053+01:00</Date>
    <Errors>0</Errors>
    <DeniedErrors>0</DeniedErrors>
  </CheckingStatus>
  <CheckingStatus>
    <BookName>JAS</BookName>
    <Check>Numbers</Check>
    <MD5>AAD3BB8D19FAC79FDEF36CE685321784</MD5>
    <Date>2020-07-05T13:08:12.5696053+01:00</Date>
    <Errors>0</Errors>
    <DeniedErrors>0</DeniedErrors>
  </CheckingStatus>
  <CheckingStatus>
    <BookName>JAS</BookName>
    <Check>QuotedText</Check>
    <MD5>AAD3BB8D19FAC79FDEF36CE685321784</MD5>
    <Date>2020-07-05T13:08:12.5696053+01:00</Date>
    <Errors>0</Errors>
    <DeniedErrors>0</DeniedErrors>
  </CheckingStatus>
  <CheckingStatus>
    <BookName>1PE</BookName>
    <Check>Capitalization</Check>
    <MD5>D1E25A64879250526E247E77D29B1CCB</MD5>
    <Date>2020-07-05T13:08:12.5853469+01:00</Date>
    <Errors>20</Errors>
    <DeniedErrors>0</DeniedErrors>
  </CheckingStatus>
  <CheckingStatus>
    <BookName>1PE</BookName>
    <Check>RepeatedWord</Check>
    <MD5>D1E25A64879250526E247E77D29B1CCB</MD5>
    <Date>2020-07-05T13:08:12.5853469+01:00</Date>
    <Errors>0</Errors>
    <DeniedErrors>0</DeniedErrors>
  </CheckingStatus>
  <CheckingStatus>
    <BookName>1PE</BookName>
    <Check>MatchedPairs</Check>
    <MD5>D1E25A64879250526E247E77D29B1CCB</MD5>
    <Date>2020-07-05T13:08:12.6008165+01:00</Date>
    <Errors>0</Errors>
    <DeniedErrors>0</DeniedErrors>
  </CheckingStatus>
  <CheckingStatus>
    <BookName>1PE</BookName>
    <Check>Reference</Check>
    <MD5>D1E25A64879250526E247E77D29B1CCB</MD5>
    <Date>2020-07-05T13:08:12.6008165+01:00</Date>
    <Errors>0</Errors>
    <DeniedErrors>0</DeniedErrors>
  </CheckingStatus>
  <CheckingStatus>
    <BookName>1PE</BookName>
    <Check>Numbers</Check>
    <MD5>D1E25A64879250526E247E77D29B1CCB</MD5>
    <Date>2020-07-05T13:08:12.6008165+01:00</Date>
    <Errors>0</Errors>
    <DeniedErrors>0</DeniedErrors>
  </CheckingStatus>
  <CheckingStatus>
    <BookName>1PE</BookName>
    <Check>QuotedText</Check>
    <MD5>D1E25A64879250526E247E77D29B1CCB</MD5>
    <Date>2020-07-05T13:08:12.6008165+01:00</Date>
    <Errors>0</Errors>
    <DeniedErrors>0</DeniedErrors>
  </CheckingStatus>
  <CheckingStatus>
    <BookName>2PE</BookName>
    <Check>Capitalization</Check>
    <MD5>AEDC8072732CE8EF1FD52A18522B09D7</MD5>
    <Date>2020-07-05T13:08:12.6008165+01:00</Date>
    <Errors>14</Errors>
    <DeniedErrors>0</DeniedErrors>
  </CheckingStatus>
  <CheckingStatus>
    <BookName>2PE</BookName>
    <Check>RepeatedWord</Check>
    <MD5>AEDC8072732CE8EF1FD52A18522B09D7</MD5>
    <Date>2020-07-05T13:08:12.6008165+01:00</Date>
    <Errors>0</Errors>
    <DeniedErrors>0</DeniedErrors>
  </CheckingStatus>
  <CheckingStatus>
    <BookName>2PE</BookName>
    <Check>MatchedPairs</Check>
    <MD5>AEDC8072732CE8EF1FD52A18522B09D7</MD5>
    <Date>2020-07-05T13:08:12.6164342+01:00</Date>
    <Errors>0</Errors>
    <DeniedErrors>0</DeniedErrors>
  </CheckingStatus>
  <CheckingStatus>
    <BookName>2PE</BookName>
    <Check>Reference</Check>
    <MD5>AEDC8072732CE8EF1FD52A18522B09D7</MD5>
    <Date>2020-07-05T13:08:12.6164342+01:00</Date>
    <Errors>0</Errors>
    <DeniedErrors>0</DeniedErrors>
  </CheckingStatus>
  <CheckingStatus>
    <BookName>2PE</BookName>
    <Check>Numbers</Check>
    <MD5>AEDC8072732CE8EF1FD52A18522B09D7</MD5>
    <Date>2020-07-05T13:08:12.6164342+01:00</Date>
    <Errors>0</Errors>
    <DeniedErrors>0</DeniedErrors>
  </CheckingStatus>
  <CheckingStatus>
    <BookName>2PE</BookName>
    <Check>QuotedText</Check>
    <MD5>AEDC8072732CE8EF1FD52A18522B09D7</MD5>
    <Date>2020-07-05T13:08:12.6164342+01:00</Date>
    <Errors>0</Errors>
    <DeniedErrors>0</DeniedErrors>
  </CheckingStatus>
  <CheckingStatus>
    <BookName>1JN</BookName>
    <Check>Capitalization</Check>
    <MD5>83EE48A21A4FA670599FA6A16BA6A0EA</MD5>
    <Date>2020-07-05T13:08:12.6164342+01:00</Date>
    <Errors>55</Errors>
    <DeniedErrors>0</DeniedErrors>
  </CheckingStatus>
  <CheckingStatus>
    <BookName>1JN</BookName>
    <Check>RepeatedWord</Check>
    <MD5>83EE48A21A4FA670599FA6A16BA6A0EA</MD5>
    <Date>2020-07-05T13:08:12.6164342+01:00</Date>
    <Errors>0</Errors>
    <DeniedErrors>0</DeniedErrors>
  </CheckingStatus>
  <CheckingStatus>
    <BookName>1JN</BookName>
    <Check>MatchedPairs</Check>
    <MD5>83EE48A21A4FA670599FA6A16BA6A0EA</MD5>
    <Date>2020-07-05T13:08:12.6320563+01:00</Date>
    <Errors>0</Errors>
    <DeniedErrors>0</DeniedErrors>
  </CheckingStatus>
  <CheckingStatus>
    <BookName>1JN</BookName>
    <Check>Reference</Check>
    <MD5>83EE48A21A4FA670599FA6A16BA6A0EA</MD5>
    <Date>2020-07-05T13:08:12.6320563+01:00</Date>
    <Errors>0</Errors>
    <DeniedErrors>0</DeniedErrors>
  </CheckingStatus>
  <CheckingStatus>
    <BookName>1JN</BookName>
    <Check>Numbers</Check>
    <MD5>83EE48A21A4FA670599FA6A16BA6A0EA</MD5>
    <Date>2020-07-05T13:08:12.6320563+01:00</Date>
    <Errors>0</Errors>
    <DeniedErrors>0</DeniedErrors>
  </CheckingStatus>
  <CheckingStatus>
    <BookName>1JN</BookName>
    <Check>QuotedText</Check>
    <MD5>83EE48A21A4FA670599FA6A16BA6A0EA</MD5>
    <Date>2020-07-05T13:08:12.6320563+01:00</Date>
    <Errors>0</Errors>
    <DeniedErrors>0</DeniedErrors>
  </CheckingStatus>
  <CheckingStatus>
    <BookName>2JN</BookName>
    <Check>Capitalization</Check>
    <MD5>B7DDDF6402FCDB23B1FD5C7C1FABC9D2</MD5>
    <Date>2020-07-05T13:08:12.6320563+01:00</Date>
    <Errors>5</Errors>
    <DeniedErrors>0</DeniedErrors>
  </CheckingStatus>
  <CheckingStatus>
    <BookName>2JN</BookName>
    <Check>RepeatedWord</Check>
    <MD5>B7DDDF6402FCDB23B1FD5C7C1FABC9D2</MD5>
    <Date>2020-07-05T13:08:12.6320563+01:00</Date>
    <Errors>0</Errors>
    <DeniedErrors>0</DeniedErrors>
  </CheckingStatus>
  <CheckingStatus>
    <BookName>2JN</BookName>
    <Check>MatchedPairs</Check>
    <MD5>B7DDDF6402FCDB23B1FD5C7C1FABC9D2</MD5>
    <Date>2020-07-05T13:08:12.6320563+01:00</Date>
    <Errors>0</Errors>
    <DeniedErrors>0</DeniedErrors>
  </CheckingStatus>
  <CheckingStatus>
    <BookName>2JN</BookName>
    <Check>Reference</Check>
    <MD5>B7DDDF6402FCDB23B1FD5C7C1FABC9D2</MD5>
    <Date>2020-07-05T13:08:12.647679+01:00</Date>
    <Errors>0</Errors>
    <DeniedErrors>0</DeniedErrors>
  </CheckingStatus>
  <CheckingStatus>
    <BookName>2JN</BookName>
    <Check>Numbers</Check>
    <MD5>B7DDDF6402FCDB23B1FD5C7C1FABC9D2</MD5>
    <Date>2020-07-05T13:08:12.647679+01:00</Date>
    <Errors>0</Errors>
    <DeniedErrors>0</DeniedErrors>
  </CheckingStatus>
  <CheckingStatus>
    <BookName>2JN</BookName>
    <Check>QuotedText</Check>
    <MD5>B7DDDF6402FCDB23B1FD5C7C1FABC9D2</MD5>
    <Date>2020-07-05T13:08:12.647679+01:00</Date>
    <Errors>0</Errors>
    <DeniedErrors>0</DeniedErrors>
  </CheckingStatus>
  <CheckingStatus>
    <BookName>3JN</BookName>
    <Check>Capitalization</Check>
    <MD5>81976F62B168A9E622F42580E8CCEC09</MD5>
    <Date>2020-07-05T13:08:12.647679+01:00</Date>
    <Errors>4</Errors>
    <DeniedErrors>0</DeniedErrors>
  </CheckingStatus>
  <CheckingStatus>
    <BookName>3JN</BookName>
    <Check>RepeatedWord</Check>
    <MD5>81976F62B168A9E622F42580E8CCEC09</MD5>
    <Date>2020-07-05T13:08:12.647679+01:00</Date>
    <Errors>0</Errors>
    <DeniedErrors>0</DeniedErrors>
  </CheckingStatus>
  <CheckingStatus>
    <BookName>3JN</BookName>
    <Check>MatchedPairs</Check>
    <MD5>81976F62B168A9E622F42580E8CCEC09</MD5>
    <Date>2020-07-05T13:08:12.647679+01:00</Date>
    <Errors>0</Errors>
    <DeniedErrors>0</DeniedErrors>
  </CheckingStatus>
  <CheckingStatus>
    <BookName>3JN</BookName>
    <Check>Reference</Check>
    <MD5>81976F62B168A9E622F42580E8CCEC09</MD5>
    <Date>2020-07-05T13:08:12.647679+01:00</Date>
    <Errors>0</Errors>
    <DeniedErrors>0</DeniedErrors>
  </CheckingStatus>
  <CheckingStatus>
    <BookName>3JN</BookName>
    <Check>Numbers</Check>
    <MD5>81976F62B168A9E622F42580E8CCEC09</MD5>
    <Date>2020-07-05T13:08:12.647679+01:00</Date>
    <Errors>0</Errors>
    <DeniedErrors>0</DeniedErrors>
  </CheckingStatus>
  <CheckingStatus>
    <BookName>3JN</BookName>
    <Check>QuotedText</Check>
    <MD5>81976F62B168A9E622F42580E8CCEC09</MD5>
    <Date>2020-07-05T13:08:12.647679+01:00</Date>
    <Errors>0</Errors>
    <DeniedErrors>0</DeniedErrors>
  </CheckingStatus>
  <CheckingStatus>
    <BookName>JUD</BookName>
    <Check>Capitalization</Check>
    <MD5>D51A78C9F95455784D7397D2451E5FFB</MD5>
    <Date>2020-07-05T13:08:12.647679+01:00</Date>
    <Errors>3</Errors>
    <DeniedErrors>0</DeniedErrors>
  </CheckingStatus>
  <CheckingStatus>
    <BookName>JUD</BookName>
    <Check>RepeatedWord</Check>
    <MD5>D51A78C9F95455784D7397D2451E5FFB</MD5>
    <Date>2020-07-05T13:08:12.654188+01:00</Date>
    <Errors>0</Errors>
    <DeniedErrors>0</DeniedErrors>
  </CheckingStatus>
  <CheckingStatus>
    <BookName>JUD</BookName>
    <Check>MatchedPairs</Check>
    <MD5>D51A78C9F95455784D7397D2451E5FFB</MD5>
    <Date>2020-07-05T13:08:12.654188+01:00</Date>
    <Errors>0</Errors>
    <DeniedErrors>0</DeniedErrors>
  </CheckingStatus>
  <CheckingStatus>
    <BookName>JUD</BookName>
    <Check>Reference</Check>
    <MD5>D51A78C9F95455784D7397D2451E5FFB</MD5>
    <Date>2020-07-05T13:08:12.654188+01:00</Date>
    <Errors>0</Errors>
    <DeniedErrors>0</DeniedErrors>
  </CheckingStatus>
  <CheckingStatus>
    <BookName>JUD</BookName>
    <Check>Numbers</Check>
    <MD5>D51A78C9F95455784D7397D2451E5FFB</MD5>
    <Date>2020-07-05T13:08:12.654188+01:00</Date>
    <Errors>0</Errors>
    <DeniedErrors>0</DeniedErrors>
  </CheckingStatus>
  <CheckingStatus>
    <BookName>JUD</BookName>
    <Check>QuotedText</Check>
    <MD5>D51A78C9F95455784D7397D2451E5FFB</MD5>
    <Date>2020-07-05T13:08:12.654188+01:00</Date>
    <Errors>0</Errors>
    <DeniedErrors>0</DeniedErrors>
  </CheckingStatus>
  <CheckingStatus>
    <BookName>REV</BookName>
    <Check>Capitalization</Check>
    <MD5>C05D8C60B0F1442F62A226E0CFBFFD6B</MD5>
    <Date>2020-07-05T13:08:12.654188+01:00</Date>
    <Errors>158</Errors>
    <DeniedErrors>0</DeniedErrors>
  </CheckingStatus>
  <CheckingStatus>
    <BookName>REV</BookName>
    <Check>RepeatedWord</Check>
    <MD5>C05D8C60B0F1442F62A226E0CFBFFD6B</MD5>
    <Date>2020-07-05T13:08:12.6698148+01:00</Date>
    <Errors>7</Errors>
    <DeniedErrors>0</DeniedErrors>
  </CheckingStatus>
  <CheckingStatus>
    <BookName>REV</BookName>
    <Check>MatchedPairs</Check>
    <MD5>C05D8C60B0F1442F62A226E0CFBFFD6B</MD5>
    <Date>2020-07-05T13:08:12.7010589+01:00</Date>
    <Errors>0</Errors>
    <DeniedErrors>0</DeniedErrors>
  </CheckingStatus>
  <CheckingStatus>
    <BookName>REV</BookName>
    <Check>Reference</Check>
    <MD5>C05D8C60B0F1442F62A226E0CFBFFD6B</MD5>
    <Date>2020-07-05T13:08:12.7010589+01:00</Date>
    <Errors>0</Errors>
    <DeniedErrors>0</DeniedErrors>
  </CheckingStatus>
  <CheckingStatus>
    <BookName>REV</BookName>
    <Check>Numbers</Check>
    <MD5>C05D8C60B0F1442F62A226E0CFBFFD6B</MD5>
    <Date>2020-07-05T13:08:12.7010589+01:00</Date>
    <Errors>0</Errors>
    <DeniedErrors>0</DeniedErrors>
  </CheckingStatus>
  <CheckingStatus>
    <BookName>REV</BookName>
    <Check>QuotedText</Check>
    <MD5>C05D8C60B0F1442F62A226E0CFBFFD6B</MD5>
    <Date>2020-07-05T13:08:12.7010589+01:00</Date>
    <Errors>0</Errors>
    <DeniedErrors>0</DeniedErrors>
  </CheckingStatus>
  <CheckingStatus>
    <BookName>MAT</BookName>
    <Check>ChapterVerse</Check>
    <MD5>FE02758A76BFED264CC9E37F10C5865F</MD5>
    <Date>2020-07-05T14:11:54.1447197+01:00</Date>
    <Errors>0</Errors>
    <DeniedErrors>0</DeniedErrors>
  </CheckingStatus>
  <CheckingStatus>
    <BookName>MAT</BookName>
    <Check>Marker</Check>
    <MD5>FE02758A76BFED264CC9E37F10C5865F</MD5>
    <Date>2020-07-05T14:11:54.2163775+01:00</Date>
    <Errors>0</Errors>
    <DeniedErrors>0</DeniedErrors>
  </CheckingStatus>
  <CheckingStatus>
    <BookName>MRK</BookName>
    <Check>ChapterVerse</Check>
    <MD5>9F3E306F2AA088ABC625AF657A9667E0</MD5>
    <Date>2020-07-05T14:11:54.2405235+01:00</Date>
    <Errors>0</Errors>
    <DeniedErrors>0</DeniedErrors>
  </CheckingStatus>
  <CheckingStatus>
    <BookName>MRK</BookName>
    <Check>Marker</Check>
    <MD5>9F3E306F2AA088ABC625AF657A9667E0</MD5>
    <Date>2020-07-05T14:11:54.2766863+01:00</Date>
    <Errors>0</Errors>
    <DeniedErrors>0</DeniedErrors>
  </CheckingStatus>
  <CheckingStatus>
    <BookName>LUK</BookName>
    <Check>ChapterVerse</Check>
    <MD5>91ECC41B2D4261F9977D3C4F586F7E95</MD5>
    <Date>2020-07-05T14:11:54.3114202+01:00</Date>
    <Errors>0</Errors>
    <DeniedErrors>0</DeniedErrors>
  </CheckingStatus>
  <CheckingStatus>
    <BookName>LUK</BookName>
    <Check>Marker</Check>
    <MD5>91ECC41B2D4261F9977D3C4F586F7E95</MD5>
    <Date>2020-07-05T14:11:54.3196732+01:00</Date>
    <Errors>0</Errors>
    <DeniedErrors>0</DeniedErrors>
  </CheckingStatus>
  <CheckingStatus>
    <BookName>JHN</BookName>
    <Check>ChapterVerse</Check>
    <MD5>1E0CC56EB5B637C41B769530F80237D4</MD5>
    <Date>2020-07-05T14:11:54.3341356+01:00</Date>
    <Errors>0</Errors>
    <DeniedErrors>0</DeniedErrors>
  </CheckingStatus>
  <CheckingStatus>
    <BookName>JHN</BookName>
    <Check>Marker</Check>
    <MD5>1E0CC56EB5B637C41B769530F80237D4</MD5>
    <Date>2020-07-05T14:11:54.3442025+01:00</Date>
    <Errors>0</Errors>
    <DeniedErrors>0</DeniedErrors>
  </CheckingStatus>
  <CheckingStatus>
    <BookName>ACT</BookName>
    <Check>ChapterVerse</Check>
    <MD5>2CCB428A9DCA9574909426967BD8FA26</MD5>
    <Date>2020-07-05T14:11:54.3609969+01:00</Date>
    <Errors>0</Errors>
    <DeniedErrors>0</DeniedErrors>
  </CheckingStatus>
  <CheckingStatus>
    <BookName>ACT</BookName>
    <Check>Marker</Check>
    <MD5>2CCB428A9DCA9574909426967BD8FA26</MD5>
    <Date>2020-07-05T14:11:54.3609969+01:00</Date>
    <Errors>0</Errors>
    <DeniedErrors>0</DeniedErrors>
  </CheckingStatus>
  <CheckingStatus>
    <BookName>ROM</BookName>
    <Check>ChapterVerse</Check>
    <MD5>A0FB1D7FD8491D5E50D485331CAF0BAE</MD5>
    <Date>2020-07-05T14:11:54.3716617+01:00</Date>
    <Errors>0</Errors>
    <DeniedErrors>0</DeniedErrors>
  </CheckingStatus>
  <CheckingStatus>
    <BookName>ROM</BookName>
    <Check>Marker</Check>
    <MD5>A0FB1D7FD8491D5E50D485331CAF0BAE</MD5>
    <Date>2020-07-05T14:11:54.3769834+01:00</Date>
    <Errors>0</Errors>
    <DeniedErrors>0</DeniedErrors>
  </CheckingStatus>
  <CheckingStatus>
    <BookName>1CO</BookName>
    <Check>ChapterVerse</Check>
    <MD5>1E13895F55356A338BCE601C1398A525</MD5>
    <Date>2020-07-05T14:11:54.3819568+01:00</Date>
    <Errors>0</Errors>
    <DeniedErrors>0</DeniedErrors>
  </CheckingStatus>
  <CheckingStatus>
    <BookName>1CO</BookName>
    <Check>Marker</Check>
    <MD5>1E13895F55356A338BCE601C1398A525</MD5>
    <Date>2020-07-05T14:11:54.3819568+01:00</Date>
    <Errors>0</Errors>
    <DeniedErrors>0</DeniedErrors>
  </CheckingStatus>
  <CheckingStatus>
    <BookName>2CO</BookName>
    <Check>ChapterVerse</Check>
    <MD5>5906763387B8D72784252AE441CC17F6</MD5>
    <Date>2020-07-05T14:11:54.3932433+01:00</Date>
    <Errors>0</Errors>
    <DeniedErrors>0</DeniedErrors>
  </CheckingStatus>
  <CheckingStatus>
    <BookName>2CO</BookName>
    <Check>Marker</Check>
    <MD5>5906763387B8D72784252AE441CC17F6</MD5>
    <Date>2020-07-05T14:11:54.4106931+01:00</Date>
    <Errors>0</Errors>
    <DeniedErrors>0</DeniedErrors>
  </CheckingStatus>
  <CheckingStatus>
    <BookName>GAL</BookName>
    <Check>ChapterVerse</Check>
    <MD5>B30F2D6540A355AD5E3BC404A3D6142D</MD5>
    <Date>2020-07-05T14:11:54.413271+01:00</Date>
    <Errors>0</Errors>
    <DeniedErrors>0</DeniedErrors>
  </CheckingStatus>
  <CheckingStatus>
    <BookName>GAL</BookName>
    <Check>Marker</Check>
    <MD5>B30F2D6540A355AD5E3BC404A3D6142D</MD5>
    <Date>2020-07-05T14:11:54.4257678+01:00</Date>
    <Errors>0</Errors>
    <DeniedErrors>0</DeniedErrors>
  </CheckingStatus>
  <CheckingStatus>
    <BookName>EPH</BookName>
    <Check>ChapterVerse</Check>
    <MD5>A7B9FCA4529DA3EADB9BA620E932A68A</MD5>
    <Date>2020-07-05T14:11:54.4277622+01:00</Date>
    <Errors>0</Errors>
    <DeniedErrors>0</DeniedErrors>
  </CheckingStatus>
  <CheckingStatus>
    <BookName>EPH</BookName>
    <Check>Marker</Check>
    <MD5>A7B9FCA4529DA3EADB9BA620E932A68A</MD5>
    <Date>2020-07-05T14:11:54.4424356+01:00</Date>
    <Errors>0</Errors>
    <DeniedErrors>0</DeniedErrors>
  </CheckingStatus>
  <CheckingStatus>
    <BookName>PHP</BookName>
    <Check>ChapterVerse</Check>
    <MD5>0852F9109A09A89BC2FB4E1A1C3868F5</MD5>
    <Date>2020-07-05T14:11:54.448085+01:00</Date>
    <Errors>0</Errors>
    <DeniedErrors>0</DeniedErrors>
  </CheckingStatus>
  <CheckingStatus>
    <BookName>PHP</BookName>
    <Check>Marker</Check>
    <MD5>0852F9109A09A89BC2FB4E1A1C3868F5</MD5>
    <Date>2020-07-05T14:11:54.4492004+01:00</Date>
    <Errors>0</Errors>
    <DeniedErrors>0</DeniedErrors>
  </CheckingStatus>
  <CheckingStatus>
    <BookName>COL</BookName>
    <Check>ChapterVerse</Check>
    <MD5>6B93F88BBB2CD46487607077A528163B</MD5>
    <Date>2020-07-05T14:11:54.4517201+01:00</Date>
    <Errors>0</Errors>
    <DeniedErrors>0</DeniedErrors>
  </CheckingStatus>
  <CheckingStatus>
    <BookName>COL</BookName>
    <Check>Marker</Check>
    <MD5>6B93F88BBB2CD46487607077A528163B</MD5>
    <Date>2020-07-05T14:11:54.4610779+01:00</Date>
    <Errors>0</Errors>
    <DeniedErrors>0</DeniedErrors>
  </CheckingStatus>
  <CheckingStatus>
    <BookName>1TH</BookName>
    <Check>ChapterVerse</Check>
    <MD5>A5A20D3418910403739E49FA1B115705</MD5>
    <Date>2020-07-05T14:11:54.4635434+01:00</Date>
    <Errors>0</Errors>
    <DeniedErrors>0</DeniedErrors>
  </CheckingStatus>
  <CheckingStatus>
    <BookName>1TH</BookName>
    <Check>Marker</Check>
    <MD5>A5A20D3418910403739E49FA1B115705</MD5>
    <Date>2020-07-05T14:11:54.4757884+01:00</Date>
    <Errors>0</Errors>
    <DeniedErrors>0</DeniedErrors>
  </CheckingStatus>
  <CheckingStatus>
    <BookName>2TH</BookName>
    <Check>ChapterVerse</Check>
    <MD5>E56FF5A2394B207BCAE21F4EF1E58E8A</MD5>
    <Date>2020-07-05T14:11:54.4788139+01:00</Date>
    <Errors>0</Errors>
    <DeniedErrors>0</DeniedErrors>
  </CheckingStatus>
  <CheckingStatus>
    <BookName>2TH</BookName>
    <Check>Marker</Check>
    <MD5>E56FF5A2394B207BCAE21F4EF1E58E8A</MD5>
    <Date>2020-07-05T14:11:54.4798136+01:00</Date>
    <Errors>0</Errors>
    <DeniedErrors>0</DeniedErrors>
  </CheckingStatus>
  <CheckingStatus>
    <BookName>1TI</BookName>
    <Check>ChapterVerse</Check>
    <MD5>358736600A7E75E849F6F2AC508B8D12</MD5>
    <Date>2020-07-05T14:11:54.4817455+01:00</Date>
    <Errors>0</Errors>
    <DeniedErrors>0</DeniedErrors>
  </CheckingStatus>
  <CheckingStatus>
    <BookName>1TI</BookName>
    <Check>Marker</Check>
    <MD5>358736600A7E75E849F6F2AC508B8D12</MD5>
    <Date>2020-07-05T14:11:54.4817455+01:00</Date>
    <Errors>0</Errors>
    <DeniedErrors>0</DeniedErrors>
  </CheckingStatus>
  <CheckingStatus>
    <BookName>2TI</BookName>
    <Check>ChapterVerse</Check>
    <MD5>978494CF67888DFB558ABAF655D97175</MD5>
    <Date>2020-07-05T14:11:54.4858818+01:00</Date>
    <Errors>0</Errors>
    <DeniedErrors>0</DeniedErrors>
  </CheckingStatus>
  <CheckingStatus>
    <BookName>2TI</BookName>
    <Check>Marker</Check>
    <MD5>978494CF67888DFB558ABAF655D97175</MD5>
    <Date>2020-07-05T14:11:54.4858818+01:00</Date>
    <Errors>0</Errors>
    <DeniedErrors>0</DeniedErrors>
  </CheckingStatus>
  <CheckingStatus>
    <BookName>TIT</BookName>
    <Check>ChapterVerse</Check>
    <MD5>64809962E01C366F6F30506B955B7ABD</MD5>
    <Date>2020-07-05T14:11:54.489333+01:00</Date>
    <Errors>0</Errors>
    <DeniedErrors>0</DeniedErrors>
  </CheckingStatus>
  <CheckingStatus>
    <BookName>TIT</BookName>
    <Check>Marker</Check>
    <MD5>64809962E01C366F6F30506B955B7ABD</MD5>
    <Date>2020-07-05T14:11:54.489333+01:00</Date>
    <Errors>0</Errors>
    <DeniedErrors>0</DeniedErrors>
  </CheckingStatus>
  <CheckingStatus>
    <BookName>PHM</BookName>
    <Check>ChapterVerse</Check>
    <MD5>C487F1A2D2731FE8BB26937D8F210B95</MD5>
    <Date>2020-07-05T14:11:54.4920314+01:00</Date>
    <Errors>0</Errors>
    <DeniedErrors>0</DeniedErrors>
  </CheckingStatus>
  <CheckingStatus>
    <BookName>PHM</BookName>
    <Check>Marker</Check>
    <MD5>C487F1A2D2731FE8BB26937D8F210B95</MD5>
    <Date>2020-07-05T14:11:54.4930381+01:00</Date>
    <Errors>0</Errors>
    <DeniedErrors>0</DeniedErrors>
  </CheckingStatus>
  <CheckingStatus>
    <BookName>HEB</BookName>
    <Check>ChapterVerse</Check>
    <MD5>56FADE41738F9CC0CA55527E690BFBA5</MD5>
    <Date>2020-07-05T14:11:54.496049+01:00</Date>
    <Errors>0</Errors>
    <DeniedErrors>0</DeniedErrors>
  </CheckingStatus>
  <CheckingStatus>
    <BookName>HEB</BookName>
    <Check>Marker</Check>
    <MD5>56FADE41738F9CC0CA55527E690BFBA5</MD5>
    <Date>2020-07-05T14:11:54.496049+01:00</Date>
    <Errors>0</Errors>
    <DeniedErrors>0</DeniedErrors>
  </CheckingStatus>
  <CheckingStatus>
    <BookName>JAS</BookName>
    <Check>ChapterVerse</Check>
    <MD5>EED4D413E21CCEB0492F42AB27853600</MD5>
    <Date>2020-07-05T14:11:54.5026876+01:00</Date>
    <Errors>0</Errors>
    <DeniedErrors>0</DeniedErrors>
  </CheckingStatus>
  <CheckingStatus>
    <BookName>JAS</BookName>
    <Check>Marker</Check>
    <MD5>EED4D413E21CCEB0492F42AB27853600</MD5>
    <Date>2020-07-05T14:11:54.5026876+01:00</Date>
    <Errors>0</Errors>
    <DeniedErrors>0</DeniedErrors>
  </CheckingStatus>
  <CheckingStatus>
    <BookName>1PE</BookName>
    <Check>ChapterVerse</Check>
    <MD5>4894A6C8750998BD748BECB36B22EA55</MD5>
    <Date>2020-07-05T14:11:54.5065622+01:00</Date>
    <Errors>0</Errors>
    <DeniedErrors>0</DeniedErrors>
  </CheckingStatus>
  <CheckingStatus>
    <BookName>1PE</BookName>
    <Check>Marker</Check>
    <MD5>4894A6C8750998BD748BECB36B22EA55</MD5>
    <Date>2020-07-05T14:11:54.5065622+01:00</Date>
    <Errors>0</Errors>
    <DeniedErrors>0</DeniedErrors>
  </CheckingStatus>
  <CheckingStatus>
    <BookName>2PE</BookName>
    <Check>ChapterVerse</Check>
    <MD5>99F26E71B3775F2600E71C95B9E9BC89</MD5>
    <Date>2020-07-05T14:11:54.51126+01:00</Date>
    <Errors>0</Errors>
    <DeniedErrors>0</DeniedErrors>
  </CheckingStatus>
  <CheckingStatus>
    <BookName>2PE</BookName>
    <Check>Marker</Check>
    <MD5>99F26E71B3775F2600E71C95B9E9BC89</MD5>
    <Date>2020-07-05T14:11:54.51126+01:00</Date>
    <Errors>0</Errors>
    <DeniedErrors>0</DeniedErrors>
  </CheckingStatus>
  <CheckingStatus>
    <BookName>1JN</BookName>
    <Check>ChapterVerse</Check>
    <MD5>6DD6474969BA3B7F80509552177FD9E4</MD5>
    <Date>2020-07-05T14:11:54.5144922+01:00</Date>
    <Errors>0</Errors>
    <DeniedErrors>0</DeniedErrors>
  </CheckingStatus>
  <CheckingStatus>
    <BookName>1JN</BookName>
    <Check>Marker</Check>
    <MD5>6DD6474969BA3B7F80509552177FD9E4</MD5>
    <Date>2020-07-05T14:11:54.5144922+01:00</Date>
    <Errors>0</Errors>
    <DeniedErrors>0</DeniedErrors>
  </CheckingStatus>
  <CheckingStatus>
    <BookName>2JN</BookName>
    <Check>ChapterVerse</Check>
    <MD5>0E31DE93AB7CB07D25FB082A262FE2D6</MD5>
    <Date>2020-07-05T14:11:54.5187582+01:00</Date>
    <Errors>0</Errors>
    <DeniedErrors>0</DeniedErrors>
  </CheckingStatus>
  <CheckingStatus>
    <BookName>2JN</BookName>
    <Check>Marker</Check>
    <MD5>0E31DE93AB7CB07D25FB082A262FE2D6</MD5>
    <Date>2020-07-05T14:11:54.5187582+01:00</Date>
    <Errors>0</Errors>
    <DeniedErrors>0</DeniedErrors>
  </CheckingStatus>
  <CheckingStatus>
    <BookName>3JN</BookName>
    <Check>ChapterVerse</Check>
    <MD5>BB722C83AD537B4438BC04795FCEA653</MD5>
    <Date>2020-07-05T14:11:54.5257255+01:00</Date>
    <Errors>0</Errors>
    <DeniedErrors>0</DeniedErrors>
  </CheckingStatus>
  <CheckingStatus>
    <BookName>3JN</BookName>
    <Check>Marker</Check>
    <MD5>BB722C83AD537B4438BC04795FCEA653</MD5>
    <Date>2020-07-05T14:11:54.5270802+01:00</Date>
    <Errors>0</Errors>
    <DeniedErrors>0</DeniedErrors>
  </CheckingStatus>
  <CheckingStatus>
    <BookName>JUD</BookName>
    <Check>ChapterVerse</Check>
    <MD5>1C9865ABA27FF20D98D2D4F3AD1292DD</MD5>
    <Date>2020-07-05T14:11:54.5314845+01:00</Date>
    <Errors>0</Errors>
    <DeniedErrors>0</DeniedErrors>
  </CheckingStatus>
  <CheckingStatus>
    <BookName>JUD</BookName>
    <Check>Marker</Check>
    <MD5>1C9865ABA27FF20D98D2D4F3AD1292DD</MD5>
    <Date>2020-07-05T14:11:54.5314845+01:00</Date>
    <Errors>0</Errors>
    <DeniedErrors>0</DeniedErrors>
  </CheckingStatus>
  <CheckingStatus>
    <BookName>REV</BookName>
    <Check>ChapterVerse</Check>
    <MD5>2D47BEEBB4D2DF229F9FB2EC83BE05A9</MD5>
    <Date>2020-07-05T14:11:54.5463982+01:00</Date>
    <Errors>0</Errors>
    <DeniedErrors>0</DeniedErrors>
  </CheckingStatus>
  <CheckingStatus>
    <BookName>REV</BookName>
    <Check>Marker</Check>
    <MD5>2D47BEEBB4D2DF229F9FB2EC83BE05A9</MD5>
    <Date>2020-07-05T14:11:54.5463982+01:00</Date>
    <Errors>0</Errors>
    <DeniedErrors>0</DeniedErrors>
  </CheckingStatus>
</CheckingStatuses>