﻿<?xml version="1.0" encoding="utf-8"?>
<CommentList>
  <Comment Thread="BT_מַשָּׂא-1" User="Drew Maust" VerseRef="2KI 9:25" Language="en" Date="2020-07-02T20:33:22.2910526+01:00">
    <SelectedText />
    <StartPosition>0</StartPosition>
    <ContextBefore>\v 25 </ContextBefore>
    <ContextAfter />
    <Status>todo</Status>
    <Type></Type>
    <ConflictType />
    <Verse />
    <ExtraHeadingInfo>מַשָּׂא-1￼hebrew￼maśśāʾ-1￼utterance, oracle</ExtraHeadingInfo>
    <HideInTextWindow>true</HideInTextWindow>
    <Contents>
      <p>Paratext has identified a single term which should be two different terms. Please review the renderings that Paratext copied to both מַשָּׂא-1 and מַשָּׂא-2. These are now separate terms.</p>
    </Contents>
    <BiblicalTermId>מַשָּׂא-1</BiblicalTermId>
    <TagAdded>-3</TagAdded>
  </Comment>
  <Comment Thread="BT_מַשָּׂא-2" User="Drew Maust" VerseRef="GEN 25:14" Language="en" Date="2020-07-02T20:33:22.3005566+01:00">
    <SelectedText />
    <StartPosition>0</StartPosition>
    <ContextBefore>\v 14 </ContextBefore>
    <ContextAfter />
    <Status>todo</Status>
    <Type></Type>
    <ConflictType />
    <Verse />
    <ExtraHeadingInfo>מַשָּׂא-2￼hebrew￼maśśāʾ-2￼Massa</ExtraHeadingInfo>
    <HideInTextWindow>true</HideInTextWindow>
    <Contents>
      <p>Paratext has identified a single term which should be two different terms. Please review the renderings that Paratext copied to both מַשָּׂא-2 and מַשָּׂא-1. These are now separate terms.</p>
    </Contents>
    <BiblicalTermId>מַשָּׂא-2</BiblicalTermId>
    <TagAdded>-3</TagAdded>
  </Comment>
  <Comment Thread="BT_מַשָּׂא" User="Drew Maust" VerseRef="GEN 1:1" Language="en" Date="2020-07-02T20:33:22.3023146+01:00">
    <SelectedText />
    <StartPosition>0</StartPosition>
    <ContextBefore>\v 1 </ContextBefore>
    <ContextAfter />
    <Status>todo</Status>
    <Type></Type>
    <ConflictType />
    <Verse />
    <ExtraHeadingInfo>מַשָּׂא￼hebrew￼￼</ExtraHeadingInfo>
    <HideInTextWindow>true</HideInTextWindow>
    <Contents>
      <p>Please do not edit this term. Any edits you make will be lost because a newer version of Paratext has replaced this term with another term. Upgrade to the latest version of Paratext to use the new term: מַשָּׂא-1</p>
    </Contents>
    <BiblicalTermId>מַשָּׂא</BiblicalTermId>
    <TagAdded>-3</TagAdded>
  </Comment>
  <Comment Thread="BT_מַשָּׂא" User="Drew Maust" VerseRef="GEN 1:1" Language="en" Date="2020-07-02T20:33:22.3023146+01:00">
    <SelectedText />
    <StartPosition>0</StartPosition>
    <ContextBefore>\v 1 </ContextBefore>
    <ContextAfter />
    <Status>todo</Status>
    <Type></Type>
    <ConflictType />
    <Verse />
    <ExtraHeadingInfo>מַשָּׂא￼hebrew￼￼</ExtraHeadingInfo>
    <HideInTextWindow>true</HideInTextWindow>
    <Contents>
      <p>Please do not edit this term. Any edits you make will be lost because a newer version of Paratext has replaced this term with another term. Upgrade to the latest version of Paratext to use the new term: מַשָּׂא-2</p>
    </Contents>
    <BiblicalTermId>מַשָּׂא</BiblicalTermId>
    <TagAdded>-3</TagAdded>
  </Comment>
</CommentList>